locus_tag	ftype	length_bp	gene	EC_number	COG	product
IANHPMEF_00001	CDS	927	pfkB	2.7.1.56	COG1105	1-phosphofructokinase
IANHPMEF_00002	CDS	939				hypothetical protein
IANHPMEF_00003	CDS	1320	aspS	6.1.1.23	COG0017	Aspartate--tRNA(Asp/Asn) ligase
IANHPMEF_00004	CDS	597				hypothetical protein
IANHPMEF_00005	CDS	726	pyrF	4.1.1.23	COG0284	Orotidine 5'-phosphate decarboxylase
IANHPMEF_00006	CDS	213				hypothetical protein
IANHPMEF_00007	CDS	1245	prf1		COG1503	Peptide chain release factor subunit 1
IANHPMEF_00008	CDS	1413		2.7.1.40	COG0469	Pyruvate kinase
IANHPMEF_00009	CDS	267				hypothetical protein
IANHPMEF_00010	CDS	168				hypothetical protein
IANHPMEF_00011	CDS	486				hypothetical protein
IANHPMEF_00012	CDS	864	mptN	6.3.2.33	COG0189	Tetrahydromethanopterin:alpha-L-glutamate ligase
IANHPMEF_00013	CDS	786	thi4	2.4.2.59	COG1635	Thiamine thiazole synthase
IANHPMEF_00014	CDS	333				hypothetical protein
IANHPMEF_00015	CDS	462				hypothetical protein
IANHPMEF_00016	CDS	132				hypothetical protein
IANHPMEF_00017	CDS	120				hypothetical protein
IANHPMEF_00018	CDS	255				hypothetical protein
IANHPMEF_00019	CDS	591				hypothetical protein
IANHPMEF_00020	CDS	756				hypothetical protein
IANHPMEF_00021	CDS	933	btuD_1	7.6.2.8		Vitamin B12 import ATP-binding protein BtuD
IANHPMEF_00022	CDS	972	cofH_1	2.5.1.147	COG1060	5-amino-6-(D-ribitylamino)uracil--L-tyrosine 4-hydroxyphenyl transferase
IANHPMEF_00023	CDS	699	trmJ	2.1.1.-	COG0565	tRNA (cytidine-2'-O-)-methyltransferase TrmJ
IANHPMEF_00024	CDS	567				hypothetical protein
IANHPMEF_00025	CDS	378				hypothetical protein
IANHPMEF_00026	CDS	1932	leuC	4.2.1.33		3-isopropylmalate dehydratase large subunit
IANHPMEF_00027	CDS	183				50S ribosomal protein L18Ae
IANHPMEF_00028	CDS	837	moaE	2.8.1.-	COG0314	putative molybdopterin synthase
IANHPMEF_00029	CDS	990				hypothetical protein
IANHPMEF_00030	CDS	615				hypothetical protein
IANHPMEF_00031	CDS	270				hypothetical protein
IANHPMEF_00032	CDS	282				hypothetical protein
IANHPMEF_00033	CDS	195				hypothetical protein
IANHPMEF_00034	CDS	1530	polC	2.7.7.7	COG1933	DNA polymerase II large subunit
IANHPMEF_00035	CDS	417				hypothetical protein
IANHPMEF_00036	CDS	534				hypothetical protein
IANHPMEF_00037	CDS	1284	purA	6.3.4.4	COG0104	Adenylosuccinate synthetase
IANHPMEF_00038	CDS	297				hypothetical protein
IANHPMEF_00039	CDS	324				hypothetical protein
IANHPMEF_00040	CDS	384				hypothetical protein
IANHPMEF_00041	CDS	768	btuD_2	7.6.2.8		Vitamin B12 import ATP-binding protein BtuD
IANHPMEF_00042	CDS	441				hypothetical protein
IANHPMEF_00043	CDS	438	hisC	2.6.1.9		Histidinol-phosphate aminotransferase
IANHPMEF_00044	CDS	558		2.7.4.3	COG1936	Putative adenylate kinase
IANHPMEF_00045	CDS	618	pgsA	2.7.8.39	COG0558	Archaetidylinositol phosphate synthase
IANHPMEF_00046	CDS	228				hypothetical protein
IANHPMEF_00047	CDS	321	cas6a	3.1.-.-	COG1583	CRISPR-associated endoribonuclease Cas6 1
IANHPMEF_00048	CDS	381				hypothetical protein
IANHPMEF_00049	CDS	318				hypothetical protein
IANHPMEF_00050	CDS	528	gmd_1	4.2.1.47		GDP-mannose 4,6-dehydratase
IANHPMEF_00051	CDS	135				hypothetical protein
IANHPMEF_00052	CDS	672	tpiA	5.3.1.1		Triosephosphate isomerase
IANHPMEF_00053	CDS	705				hypothetical protein
IANHPMEF_00054	CDS	1680	lig	6.5.1.1	COG1793	DNA ligase
IANHPMEF_00055	CDS	282				hypothetical protein
IANHPMEF_00056	CDS	1272	hemL	5.4.3.8	COG0001	Glutamate-1-semialdehyde 2,1-aminomutase
IANHPMEF_00057	CDS	1218	xerC			Tyrosine recombinase XerC
IANHPMEF_00058	CDS	219				hypothetical protein
IANHPMEF_00059	CDS	363				hypothetical protein
IANHPMEF_00060	CDS	192				hypothetical protein
IANHPMEF_00061	CDS	150				hypothetical protein
IANHPMEF_00062	CDS	603				hypothetical protein
IANHPMEF_00063	CDS	966	btuD_3	7.6.2.8		Vitamin B12 import ATP-binding protein BtuD
IANHPMEF_00064	CDS	765	ecfT_1			Energy-coupling factor transporter transmembrane protein EcfT
IANHPMEF_00065	CDS	468				hypothetical protein
IANHPMEF_00066	CDS	666	cbiM_1			Cobalt transport protein CbiM
IANHPMEF_00067	CDS	960				hypothetical protein
IANHPMEF_00068	CDS	168				hypothetical protein
IANHPMEF_00069	CDS	108				hypothetical protein
IANHPMEF_00070	CDS	339			COG1631	50S ribosomal protein L44e
IANHPMEF_00071	CDS	189			COG2051	30S ribosomal protein S27e
IANHPMEF_00072	CDS	792	eif2a		COG1093	Translation initiation factor 2 subunit alpha
IANHPMEF_00073	CDS	336				hypothetical protein
IANHPMEF_00074	CDS	2445	gyrA	5.6.2.2		DNA gyrase subunit A
IANHPMEF_00075	CDS	1257	coaBC		COG0452	Coenzyme A biosynthesis bifunctional protein CoaBC
IANHPMEF_00076	CDS	321	erpA_1			Iron-sulfur cluster insertion protein ErpA
IANHPMEF_00077	CDS	291				Chromosomal protein MC1
IANHPMEF_00078	CDS	285	rpoL	2.7.7.6	COG1761	DNA-directed RNA polymerase subunit L
IANHPMEF_00079	CDS	714				hypothetical protein
IANHPMEF_00080	CDS	609	prmC_1	2.1.1.297		Release factor glutamine methyltransferase
IANHPMEF_00081	CDS	255				hypothetical protein
IANHPMEF_00082	CDS	1602		2.3.1.-	COG1243	tRNA uridine(34) acetyltransferase
IANHPMEF_00083	CDS	201				hypothetical protein
IANHPMEF_00084	CDS	1893				hypothetical protein
IANHPMEF_00085	CDS	1230			COG0541	Signal recognition particle 54 kDa protein
IANHPMEF_00086	CDS	177				hypothetical protein
IANHPMEF_00087	CDS	495				hypothetical protein
IANHPMEF_00088	CDS	246				hypothetical protein
IANHPMEF_00089	CDS	207				hypothetical protein
IANHPMEF_00090	CDS	195				hypothetical protein
IANHPMEF_00091	CDS	258				hypothetical protein
IANHPMEF_00092	CDS	1290				hypothetical protein
IANHPMEF_00093	CDS	942				hypothetical protein
IANHPMEF_00094	CDS	1635	purH_1	3.5.4.10		Bifunctional purine biosynthesis protein PurH
IANHPMEF_00095	CDS	417				hypothetical protein
IANHPMEF_00096	CDS	369				hypothetical protein
IANHPMEF_00097	CDS	525	purH_2	3.5.4.10		Bifunctional purine biosynthesis protein PurH
IANHPMEF_00098	CDS	228				hypothetical protein
IANHPMEF_00099	CDS	453				hypothetical protein
IANHPMEF_00100	CDS	768	trpC			Indole-3-glycerol phosphate synthase
IANHPMEF_00101	CDS	1176	trpB1	4.2.1.20	COG0133	Tryptophan synthase beta chain 1
IANHPMEF_00102	CDS	186				hypothetical protein
IANHPMEF_00103	CDS	189				hypothetical protein
IANHPMEF_00104	CDS	816	bioW	6.2.1.14		6-carboxyhexanoate--CoA ligase
IANHPMEF_00105	CDS	981	pylB	5.4.99.58	COG0502	3-methylornithine synthase
IANHPMEF_00106	tRNA	77				tRNA-Arg(tcg)
IANHPMEF_00107	CDS	498	cct1		COG0459	Thermosome subunit 1
IANHPMEF_00108	CDS	801				hypothetical protein
IANHPMEF_00109	CDS	198			COG0255	50S ribosomal protein L29
IANHPMEF_00110	CDS	288	rnp1	3.1.26.5	COG1588	Ribonuclease P protein component 1
IANHPMEF_00111	CDS	327			COG0186	30S ribosomal protein S17
IANHPMEF_00112	CDS	399			COG0093	50S ribosomal protein L14
IANHPMEF_00113	CDS	363			COG0198	50S ribosomal protein L24
IANHPMEF_00114	CDS	711	rps4e		COG1471	30S ribosomal protein S4e
IANHPMEF_00115	CDS	510	rpl5		COG0094	50S ribosomal protein L5
IANHPMEF_00116	CDS	390	rps8		COG0096	30S ribosomal protein S8
IANHPMEF_00117	CDS	528	rpl6		COG0097	50S ribosomal protein L6
IANHPMEF_00118	CDS	393			COG0468	50S ribosomal protein L32e
IANHPMEF_00119	CDS	333			COG2147	50S ribosomal protein L19e
IANHPMEF_00120	CDS	522			COG0256	50S ribosomal protein L18
IANHPMEF_00121	CDS	660	rps5		COG0098	30S ribosomal protein S5
IANHPMEF_00122	CDS	462			COG1841	50S ribosomal protein L30
IANHPMEF_00123	CDS	426			COG0200	50S ribosomal protein L15
IANHPMEF_00124	CDS	1464	secY		COG0201	Protein translocase subunit SecY
IANHPMEF_00125	CDS	825				hypothetical protein
IANHPMEF_00126	CDS	1515	serS2	6.1.1.11	COG0172	Type-2 serine--tRNA ligase
IANHPMEF_00127	CDS	1383	leuA	2.3.3.13	COG0119	2-isopropylmalate synthase
IANHPMEF_00128	CDS	780	dtd3	3.1.1.96		D-aminoacyl-tRNA deacylase
	repeat_region	1288				
IANHPMEF_00129	CDS	267	cas2	3.1.-.-		CRISPR-associated endoribonuclease Cas2
IANHPMEF_00130	CDS	990	cas1_1	3.1.-.-	COG1518	CRISPR-associated endonuclease Cas1
IANHPMEF_00131	CDS	579				hypothetical protein
IANHPMEF_00132	CDS	2121				hypothetical protein
IANHPMEF_00133	CDS	819				hypothetical protein
IANHPMEF_00134	CDS	993				hypothetical protein
IANHPMEF_00135	CDS	477				hypothetical protein
IANHPMEF_00136	CDS	2595				hypothetical protein
IANHPMEF_00137	CDS	264				hypothetical protein
IANHPMEF_00138	CDS	423				hypothetical protein
IANHPMEF_00139	CDS	261			COG2097	50S ribosomal protein L31e
IANHPMEF_00140	CDS	324			COG2118	DNA-binding protein
IANHPMEF_00141	CDS	450			COG2238	30S ribosomal protein S19e
IANHPMEF_00142	CDS	2583	clpX			ATP-dependent Clp protease ATP-binding subunit ClpX
IANHPMEF_00143	CDS	795				hypothetical protein
IANHPMEF_00144	CDS	348				hypothetical protein
IANHPMEF_00145	CDS	753	nucS	3.1.-.-	COG1637	Endonuclease NucS
IANHPMEF_00146	CDS	2253	dbpA	3.6.4.13		ATP-dependent RNA helicase DbpA
IANHPMEF_00147	CDS	1125	mfnA	4.1.1.11	COG0076	L-tyrosine/L-aspartate decarboxylase
IANHPMEF_00148	CDS	762	queE	4.3.99.3		7-carboxy-7-deazaguanine synthase
IANHPMEF_00149	CDS	573				hypothetical protein
IANHPMEF_00150	CDS	201				hypothetical protein
IANHPMEF_00151	CDS	1182				hypothetical protein
IANHPMEF_00152	CDS	1143				hypothetical protein
IANHPMEF_00153	CDS	1260				hypothetical protein
IANHPMEF_00154	CDS	714				hypothetical protein
IANHPMEF_00155	CDS	507				hypothetical protein
IANHPMEF_00156	CDS	1512				hypothetical protein
IANHPMEF_00157	CDS	1569				hypothetical protein
IANHPMEF_00158	CDS	1152				hypothetical protein
IANHPMEF_00159	CDS	288				hypothetical protein
IANHPMEF_00160	CDS	333				hypothetical protein
IANHPMEF_00161	CDS	975				hypothetical protein
IANHPMEF_00162	CDS	768	moaA_1			GTP 3',8-cyclase
IANHPMEF_00163	CDS	864				Iron-sulfur cluster carrier protein
IANHPMEF_00164	CDS	360				hypothetical protein
IANHPMEF_00165	CDS	156				hypothetical protein
IANHPMEF_00166	CDS	618				hypothetical protein
IANHPMEF_00167	CDS	1578	ghrB	1.1.1.81		Glyoxylate/hydroxypyruvate reductase B
IANHPMEF_00168	CDS	420	fusA_1		COG0480	Elongation factor 2
IANHPMEF_00169	CDS	1749	fusA_2		COG0480	Elongation factor 2
IANHPMEF_00170	CDS	240	rps7		COG0049	30S ribosomal protein S7
IANHPMEF_00171	CDS	156				hypothetical protein
IANHPMEF_00172	CDS	525				hypothetical protein
IANHPMEF_00173	CDS	318				hypothetical protein
IANHPMEF_00174	CDS	354				hypothetical protein
IANHPMEF_00175	CDS	948		2.4.2.54	COG1907	Beta-ribofuranosylaminobenzene 5'-phosphate synthase
IANHPMEF_00176	CDS	639	mqnB	3.2.2.26		Futalosine hydrolase
IANHPMEF_00177	CDS	402				hypothetical protein
IANHPMEF_00178	CDS	450	ndk	2.7.4.6	COG0105	Nucleoside diphosphate kinase
IANHPMEF_00179	CDS	195			COG2075	50S ribosomal protein L24e
IANHPMEF_00180	CDS	225			COG2053	30S ribosomal protein S28e
IANHPMEF_00181	CDS	372	rpl7ae		COG1358	50S ribosomal protein L7Ae
IANHPMEF_00182	CDS	888				hypothetical protein
IANHPMEF_00183	CDS	294				hypothetical protein
IANHPMEF_00184	CDS	582	fucA	4.1.2.17	COG0235	L-fuculose phosphate aldolase
IANHPMEF_00185	CDS	996				hypothetical protein
IANHPMEF_00186	CDS	756				hypothetical protein
IANHPMEF_00187	CDS	948		3.2.2.-	COG1397	putative protein
IANHPMEF_00188	CDS	471				hypothetical protein
IANHPMEF_00189	CDS	363				hypothetical protein
IANHPMEF_00190	CDS	144				hypothetical protein
IANHPMEF_00191	CDS	780				hypothetical protein
IANHPMEF_00192	CDS	864	malK_1	7.5.2.1		Trehalose/maltose import ATP-binding protein MalK
IANHPMEF_00193	CDS	114				hypothetical protein
IANHPMEF_00194	CDS	801				hypothetical protein
IANHPMEF_00195	CDS	279				hypothetical protein
IANHPMEF_00196	CDS	690	thrB_1	2.7.1.39	COG0083	Homoserine kinase
IANHPMEF_00197	CDS	117				hypothetical protein
IANHPMEF_00198	CDS	972	obg	3.6.5.-		GTPase Obg
IANHPMEF_00199	CDS	603				hypothetical protein
IANHPMEF_00200	CDS	597				hypothetical protein
IANHPMEF_00201	CDS	1110		1.3.7.11	COG0644	Digeranylgeranylglycerophospholipid reductase
IANHPMEF_00202	CDS	849				Iron-sulfur cluster carrier protein
IANHPMEF_00203	CDS	540				hypothetical protein
IANHPMEF_00204	CDS	1593				hypothetical protein
IANHPMEF_00205	CDS	966	tyrS	6.1.1.1	COG0162	Tyrosine--tRNA ligase
IANHPMEF_00206	CDS	132				hypothetical protein
IANHPMEF_00207	CDS	366				hypothetical protein
IANHPMEF_00208	CDS	1287				hypothetical protein
IANHPMEF_00209	CDS	309			COG0023	Protein translation factor SUI1 
IANHPMEF_00210	CDS	570				hypothetical protein
IANHPMEF_00211	CDS	573				hypothetical protein
IANHPMEF_00212	CDS	405				hypothetical protein
IANHPMEF_00213	CDS	108				hypothetical protein
IANHPMEF_00214	CDS	993	corA		COG0598	Cobalt/magnesium transport protein CorA
IANHPMEF_00215	CDS	2436	kdpB_1	7.2.2.6		Potassium-transporting ATPase ATP-binding subunit
IANHPMEF_00216	CDS	1080	fba	4.1.2.13	COG1830	Fructose-bisphosphate aldolase class 1
IANHPMEF_00217	CDS	165				hypothetical protein
IANHPMEF_00218	CDS	132				hypothetical protein
IANHPMEF_00219	CDS	813	zupT			Zinc transporter ZupT
IANHPMEF_00220	CDS	345				hypothetical protein
IANHPMEF_00221	CDS	1023				hypothetical protein
IANHPMEF_00222	CDS	567				hypothetical protein
IANHPMEF_00223	CDS	1008	lysY	1.2.1.-	COG0002	[LysW]-L-2-aminoadipate/[LysW]-L-glutamate phosphate reductase
IANHPMEF_00224	CDS	747	nrpRII		COG1693	Global nitrogen regulator NrpRII
IANHPMEF_00225	CDS	840	dapF	5.1.1.7		Diaminopimelate epimerase
IANHPMEF_00226	CDS	291				hypothetical protein
IANHPMEF_00227	CDS	240				hypothetical protein
IANHPMEF_00228	CDS	525				hypothetical protein
IANHPMEF_00229	CDS	93				hypothetical protein
IANHPMEF_00230	CDS	453	rnc_1	3.1.26.3		Ribonuclease 3
IANHPMEF_00231	CDS	396	mobA	2.7.7.77		Molybdenum cofactor guanylyltransferase
IANHPMEF_00232	CDS	1131	priS	2.7.7.-	COG1467	DNA primase small subunit PriS
IANHPMEF_00233	CDS	639				hypothetical protein
IANHPMEF_00234	CDS	333				hypothetical protein
IANHPMEF_00235	CDS	420				hypothetical protein
IANHPMEF_00236	CDS	681	radB		COG0468	DNA repair and recombination protein RadB
IANHPMEF_00237	CDS	978				hypothetical protein
IANHPMEF_00238	CDS	309				hypothetical protein
IANHPMEF_00239	CDS	1020				hypothetical protein
IANHPMEF_00240	CDS	594				hypothetical protein
IANHPMEF_00241	CDS	384				hypothetical protein
IANHPMEF_00242	CDS	432	spoIIAB	2.7.11.1		Anti-sigma F factor
IANHPMEF_00243	CDS	381				hypothetical protein
IANHPMEF_00244	CDS	834				hypothetical protein
IANHPMEF_00245	CDS	213				hypothetical protein
IANHPMEF_00246	CDS	114				hypothetical protein
IANHPMEF_00247	CDS	420	nudF_1	3.6.1.13	COG1051	ADP-ribose pyrophosphatase
IANHPMEF_00248	CDS	273				hypothetical protein
IANHPMEF_00249	CDS	1005				hypothetical protein
IANHPMEF_00250	CDS	219				hypothetical protein
IANHPMEF_00251	CDS	147				hypothetical protein
IANHPMEF_00252	CDS	315				hypothetical protein
IANHPMEF_00253	CDS	915	guaAB	6.3.5.2	COG0519	GMP synthase [glutamine-hydrolyzing] subunit B
IANHPMEF_00254	CDS	1602	pyrG	6.3.4.2	COG0504	CTP synthase
IANHPMEF_00255	CDS	552				hypothetical protein
IANHPMEF_00256	CDS	249				hypothetical protein
IANHPMEF_00257	CDS	366	pfdB		COG1382	Prefoldin subunit beta
IANHPMEF_00258	CDS	954	ppaC_1	3.6.1.1		manganese-dependent inorganic pyrophosphatase
IANHPMEF_00259	CDS	594	prmC_2	2.1.1.297		Release factor glutamine methyltransferase
IANHPMEF_00260	CDS	522	fbiB	6.3.2.34		Bifunctional F420 biosynthesis protein FbiB
IANHPMEF_00261	CDS	960	mptA	3.5.4.39	COG1469	GTP cyclohydrolase MptA
IANHPMEF_00262	CDS	201				hypothetical protein
IANHPMEF_00263	CDS	288				hypothetical protein
IANHPMEF_00264	CDS	165				hypothetical protein
IANHPMEF_00265	CDS	1281		4.4.1.28	COG3681	L-cysteine desulfidase
IANHPMEF_00266	CDS	411				hypothetical protein
IANHPMEF_00267	CDS	696				hypothetical protein
IANHPMEF_00268	CDS	2694				hypothetical protein
IANHPMEF_00269	CDS	2040				hypothetical protein
IANHPMEF_00270	CDS	759				Iron-sulfur cluster carrier protein
IANHPMEF_00271	CDS	1635	potE			Putrescine transporter PotE
IANHPMEF_00272	CDS	1302				hypothetical protein
IANHPMEF_00273	CDS	1977	secD_1			Protein translocase subunit SecD
IANHPMEF_00274	CDS	483				hypothetical protein
IANHPMEF_00275	CDS	279				hypothetical protein
IANHPMEF_00276	CDS	336				hypothetical protein
IANHPMEF_00277	CDS	720	lutA			Lactate utilization protein A
IANHPMEF_00278	CDS	1821			COG1855	putative KH and PIN-domain containing protein
IANHPMEF_00279	CDS	1074		3.4.24.-	COG0517	Zinc metalloprotease
IANHPMEF_00280	CDS	1245				hypothetical protein
IANHPMEF_00281	CDS	222				hypothetical protein
IANHPMEF_00282	CDS	354				hypothetical protein
IANHPMEF_00283	CDS	336				hypothetical protein
IANHPMEF_00284	CDS	1011	radA		COG0468	DNA repair and recombination protein RadA
IANHPMEF_00285	CDS	630		1.3.1.76	COG1648	Precorrin-2 dehydrogenase
IANHPMEF_00286	CDS	459			COG1522	putative HTH-type transcriptional regulator
IANHPMEF_00287	CDS	216				hypothetical protein
IANHPMEF_00288	CDS	90				hypothetical protein
IANHPMEF_00289	CDS	294				hypothetical protein
IANHPMEF_00290	CDS	1731	aor_1	1.2.7.5	COG2414	Tungsten-containing aldehyde ferredoxin oxidoreductase
IANHPMEF_00291	CDS	576	hisB	4.2.1.19	COG0131	Imidazoleglycerol-phosphate dehydratase
IANHPMEF_00292	CDS	1713	hdrA	1.8.98.5	COG1148	H(2)/formate:CoB-CoM heterodisulfide,ferredoxin reductase subunit A
IANHPMEF_00293	CDS	843	frhB	1.12.98.1	COG1035	Coenzyme F420 hydrogenase subunit beta
IANHPMEF_00294	CDS	177				hypothetical protein
IANHPMEF_00295	CDS	1479				hypothetical protein
IANHPMEF_00296	CDS	165				hypothetical protein
IANHPMEF_00297	CDS	120				hypothetical protein
IANHPMEF_00298	CDS	489				hypothetical protein
IANHPMEF_00299	CDS	1245	hisS	6.1.1.21	COG0124	Histidine--tRNA ligase
IANHPMEF_00300	CDS	213				hypothetical protein
IANHPMEF_00301	CDS	660				hypothetical protein
IANHPMEF_00302	CDS	1134	ftsZ1		COG0206	Cell division protein FtsZ 1
IANHPMEF_00303	CDS	177				hypothetical protein
IANHPMEF_00304	CDS	408				hypothetical protein
IANHPMEF_00305	CDS	126				hypothetical protein
IANHPMEF_00306	CDS	153				hypothetical protein
IANHPMEF_00307	CDS	918	mfnD	6.3.4.24	COG1821	Tyramine--L-glutamate ligase
IANHPMEF_00308	CDS	1077	pelA	3.1.-.-	COG1537	Protein pelota 
IANHPMEF_00309	CDS	420				hypothetical protein
IANHPMEF_00310	CDS	264				hypothetical protein
IANHPMEF_00311	CDS	183				hypothetical protein
IANHPMEF_00312	CDS	438				hypothetical protein
IANHPMEF_00313	tRNA	72				tRNA-Cys(gca)
IANHPMEF_00314	CDS	894	COQ2	2.5.1.39		4-hydroxybenzoate polyprenyltransferase, mitochondrial
IANHPMEF_00315	CDS	351				hypothetical protein
IANHPMEF_00316	CDS	108				hypothetical protein
IANHPMEF_00317	CDS	135				hypothetical protein
IANHPMEF_00318	CDS	372	sudB_1	1.8.1.19	COG0543	Sulfide dehydrogenase subunit beta
IANHPMEF_00319	CDS	276				hypothetical protein
IANHPMEF_00320	CDS	534				hypothetical protein
IANHPMEF_00321	CDS	390				hypothetical protein
IANHPMEF_00322	CDS	621				hypothetical protein
IANHPMEF_00323	CDS	183				hypothetical protein
IANHPMEF_00324	CDS	1314				hypothetical protein
IANHPMEF_00325	CDS	1383	tldD	3.4.-.-	COG0312	Zinc metalloprotease TldD 
IANHPMEF_00326	CDS	1905		3.4.21.-	COG1067	Archaeal Lon protease
IANHPMEF_00327	CDS	180				hypothetical protein
IANHPMEF_00328	CDS	411				hypothetical protein
IANHPMEF_00329	CDS	183				hypothetical protein
IANHPMEF_00330	CDS	879	ilvE	2.6.1.42	COG0115	Putative branched-chain-amino-acid aminotransferase
IANHPMEF_00331	CDS	834				hypothetical protein
IANHPMEF_00332	CDS	1005				hypothetical protein
IANHPMEF_00333	CDS	1287				hypothetical protein
IANHPMEF_00334	CDS	792				hypothetical protein
IANHPMEF_00335	CDS	687	rnhB	3.1.26.4	COG0164	Ribonuclease HII
IANHPMEF_00336	CDS	330				hypothetical protein
IANHPMEF_00337	CDS	1308	miaB	2.8.4.3		tRNA-2-methylthio-N(6)-dimethylallyladenosine synthase
IANHPMEF_00338	CDS	1701	argS	6.1.1.19	COG0018	Arginine--tRNA ligase
IANHPMEF_00339	CDS	243				hypothetical protein
IANHPMEF_00340	CDS	1056				hypothetical protein
IANHPMEF_00341	CDS	384				hypothetical protein
IANHPMEF_00342	CDS	207				hypothetical protein
IANHPMEF_00343	CDS	468	mntR			HTH-type transcriptional regulator MntR
IANHPMEF_00344	CDS	759				hypothetical protein
IANHPMEF_00345	CDS	1008	aksF	1.1.1.87	COG0473	Homoisocitrate dehydrogenase
IANHPMEF_00346	CDS	249				hypothetical protein
IANHPMEF_00347	CDS	180				hypothetical protein
IANHPMEF_00348	CDS	342				hypothetical protein
IANHPMEF_00349	CDS	1281	lysA	4.1.1.20	COG0019	Diaminopimelate decarboxylase
IANHPMEF_00350	CDS	261				hypothetical protein
IANHPMEF_00351	CDS	1179	argG	6.3.4.5		Argininosuccinate synthase
IANHPMEF_00352	CDS	1146	bchB	1.3.7.7		Light-independent protochlorophyllide reductase subunit B
IANHPMEF_00353	CDS	402	rnfB	7.2.1.-	COG2878	Ion-translocating oxidoreductase complex subunit B
IANHPMEF_00354	CDS	885				hypothetical protein
IANHPMEF_00355	CDS	774	purE_1	5.4.99.18		N5-carboxyaminoimidazole ribonucleotide mutase
IANHPMEF_00356	CDS	192				hypothetical protein
IANHPMEF_00357	CDS	339				hypothetical protein
IANHPMEF_00358	CDS	504				hypothetical protein
IANHPMEF_00359	CDS	219				hypothetical protein
IANHPMEF_00360	CDS	1047				hypothetical protein
IANHPMEF_00361	CDS	162				hypothetical protein
IANHPMEF_00362	CDS	504				hypothetical protein
IANHPMEF_00363	CDS	657				hypothetical protein
IANHPMEF_00364	CDS	267				hypothetical protein
IANHPMEF_00365	CDS	768	IMPDH_1	1.1.1.205		Inosine-5'-monophosphate dehydrogenase
IANHPMEF_00366	CDS	672	IMPDH_2	1.1.1.205		Inosine-5'-monophosphate dehydrogenase
IANHPMEF_00367	CDS	351	nac		COG1308	Nascent polypeptide-associated complex protein
IANHPMEF_00368	CDS	330	erpA_2			Iron-sulfur cluster insertion protein ErpA
IANHPMEF_00369	CDS	2031	metG	6.1.1.10	COG0073	Methionine--tRNA ligase
IANHPMEF_00370	CDS	486				hypothetical protein
IANHPMEF_00371	CDS	1167				hypothetical protein
IANHPMEF_00372	CDS	1164				hypothetical protein
IANHPMEF_00373	CDS	1167				hypothetical protein
IANHPMEF_00374	CDS	690			COG1136	putative ABC transporter ATP-binding protein
IANHPMEF_00375	CDS	987	thiL_1	2.7.4.16		Thiamine-monophosphate kinase
IANHPMEF_00376	CDS	210				hypothetical protein
IANHPMEF_00377	CDS	765	der			GTPase Der
IANHPMEF_00378	CDS	1194		3.6.4.13	COG0513	putative ATP-dependent RNA helicase
IANHPMEF_00379	CDS	168				hypothetical protein
IANHPMEF_00380	CDS	759				hypothetical protein
IANHPMEF_00381	CDS	504				hypothetical protein
IANHPMEF_00382	CDS	369	malK_2	7.5.2.1		Trehalose/maltose import ATP-binding protein MalK
IANHPMEF_00383	CDS	861	aglM	1.1.1.22	COG1004	UDP-glucose 6-dehydrogenase AglM
IANHPMEF_00384	CDS	927	aglF	2.7.7.9	COG1209	UTP--glucose-1-phosphate uridylyltransferase AglF
IANHPMEF_00385	CDS	930	arnA	2.1.2.13		Bifunctional polymyxin resistance protein ArnA
IANHPMEF_00386	CDS	1113	hldD	5.1.3.20		ADP-L-glycero-D-manno-heptose-6-epimerase
IANHPMEF_00387	CDS	1029	agl3	3.13.1.1	COG0451	UDP-sulfoquinovose synthase
IANHPMEF_00388	CDS	1725	aglD_1	2.4.1.-	COG0392	Glycosyltransferase AglD
IANHPMEF_00389	CDS	858	prs	2.7.6.1	COG0462	Ribose-phosphate pyrophosphokinase
IANHPMEF_00390	CDS	3165	ileS	6.1.1.5	COG0060	Isoleucine--tRNA ligase
IANHPMEF_00391	CDS	306				hypothetical protein
IANHPMEF_00392	CDS	174				hypothetical protein
IANHPMEF_00393	CDS	603				hypothetical protein
IANHPMEF_00394	CDS	741				hypothetical protein
IANHPMEF_00395	CDS	1071				hypothetical protein
IANHPMEF_00396	CDS	633				hypothetical protein
IANHPMEF_00397	CDS	459				hypothetical protein
IANHPMEF_00398	CDS	888			COG0004	Putative ammonium transporter
IANHPMEF_00399	CDS	1326	glnA	6.3.1.2	COG0174	Glutamine synthetase
IANHPMEF_00400	CDS	294				hypothetical protein
IANHPMEF_00401	tRNA	74				tRNA-Gln(ctg)
IANHPMEF_00402	CDS	252				hypothetical protein
IANHPMEF_00403	CDS	132				hypothetical protein
IANHPMEF_00404	CDS	432				hypothetical protein
IANHPMEF_00405	CDS	144				hypothetical protein
IANHPMEF_00406	CDS	1281				hypothetical protein
IANHPMEF_00407	CDS	381				hypothetical protein
IANHPMEF_00408	CDS	102				hypothetical protein
IANHPMEF_00409	CDS	120				hypothetical protein
IANHPMEF_00410	CDS	159				hypothetical protein
IANHPMEF_00411	tRNA	78				tRNA-Pro(ggg)
IANHPMEF_00412	CDS	255				hypothetical protein
IANHPMEF_00413	CDS	198				hypothetical protein
IANHPMEF_00414	tRNA	78				tRNA-Arg(tct)
IANHPMEF_00415	tRNA	75				tRNA-Thr(ggt)
IANHPMEF_00416	CDS	474				hypothetical protein
IANHPMEF_00417	CDS	822				hypothetical protein
IANHPMEF_00418	CDS	1338				hypothetical protein
IANHPMEF_00419	CDS	348	nudF_2	3.6.1.13	COG1051	ADP-ribose pyrophosphatase
IANHPMEF_00420	CDS	396				hypothetical protein
IANHPMEF_00421	CDS	1374				hypothetical protein
IANHPMEF_00422	CDS	882	hdrB_1	1.8.98.5	COG2048	H(2):CoB-CoM heterodisulfide,ferredoxin reductase subunit B
IANHPMEF_00423	CDS	534	hdrC2	1.8.98.5	COG1150	H(2)/formate:CoB-CoM heterodisulfide,ferredoxin reductase subunit C2
IANHPMEF_00424	CDS	1335	napF			Ferredoxin-type protein NapF
IANHPMEF_00425	CDS	288				hypothetical protein
IANHPMEF_00426	CDS	2724			COG0419	DNA double-strand break repair Rad50 ATPase
IANHPMEF_00427	CDS	1293				hypothetical protein
IANHPMEF_00428	CDS	237				hypothetical protein
IANHPMEF_00429	CDS	579	mdh_1	1.1.1.37	COG0039	Malate dehydrogenase
IANHPMEF_00430	CDS	297	mdh_2	1.1.1.37	COG0039	Malate dehydrogenase
IANHPMEF_00431	tRNA	77				tRNA-Glu(ctc)
IANHPMEF_00432	CDS	375				hypothetical protein
IANHPMEF_00433	CDS	1134				hypothetical protein
IANHPMEF_00434	CDS	342	rio1	2.7.11.1	COG1718	RIO-type serine/threonine-protein kinase Rio1
IANHPMEF_00435	CDS	549				hypothetical protein
IANHPMEF_00436	CDS	978	mer_1	1.5.98.2	COG2141	5,10-methylenetetrahydromethanopterin reductase
IANHPMEF_00437	CDS	432	rps6e		COG2125	30S ribosomal protein S6e
IANHPMEF_00438	CDS	474	tgtA_1	2.4.2.48	COG0343	tRNA-guanine(15) transglycosylase
IANHPMEF_00439	tRNA	76				tRNA-Asp(gtc)
IANHPMEF_00440	CDS	2037				hypothetical protein
IANHPMEF_00441	CDS	132				hypothetical protein
IANHPMEF_00442	CDS	192				hypothetical protein
IANHPMEF_00443	CDS	135				hypothetical protein
IANHPMEF_00444	CDS	267				hypothetical protein
IANHPMEF_00445	CDS	312				hypothetical protein
IANHPMEF_00446	CDS	936				hypothetical protein
IANHPMEF_00447	CDS	990	bioB	2.8.1.6		Biotin synthase
IANHPMEF_00448	CDS	1344	pyrC			Dihydroorotase
IANHPMEF_00449	CDS	171				hypothetical protein
IANHPMEF_00450	CDS	219				hypothetical protein
IANHPMEF_00451	CDS	429				hypothetical protein
IANHPMEF_00452	CDS	813				hypothetical protein
IANHPMEF_00453	CDS	171				hypothetical protein
IANHPMEF_00454	CDS	297				hypothetical protein
IANHPMEF_00455	CDS	366				hypothetical protein
IANHPMEF_00456	CDS	126				hypothetical protein
IANHPMEF_00457	CDS	174				hypothetical protein
IANHPMEF_00458	CDS	279	GATC	6.3.5.-		Glutamyl-tRNA(Gln) amidotransferase subunit C, chloroplastic/mitochondrial
IANHPMEF_00459	CDS	1419		3.5.1.4	COG0154	Amidase
IANHPMEF_00460	CDS	1431	gatB	6.3.5.-	COG0064	Aspartyl/glutamyl-tRNA(Asn/Gln) amidotransferase subunit B
IANHPMEF_00461	CDS	411				hypothetical protein
IANHPMEF_00462	CDS	1143		2.6.1.57		Aromatic-amino-acid aminotransferase 2
IANHPMEF_00463	CDS	411	ribH	2.5.1.78	COG0054	6,7-dimethyl-8-ribityllumazine synthase
IANHPMEF_00464	CDS	882	dacZ	2.7.7.85	COG1624	Diadenylate cyclase
IANHPMEF_00465	CDS	714				hypothetical protein
IANHPMEF_00466	CDS	651	ribK	2.7.1.161	COG1339	Riboflavin kinase
IANHPMEF_00467	CDS	678	ribB	4.1.99.12	COG0108	3,4-dihydroxy-2-butanone 4-phosphate synthase
IANHPMEF_00468	CDS	1182				Deoxyguanosinetriphosphate triphosphohydrolase-like protein
IANHPMEF_00469	CDS	996	cas1_2	3.1.-.-		CRISPR-associated endonuclease Cas1
IANHPMEF_00470	CDS	2508				hypothetical protein
IANHPMEF_00471	CDS	342				hypothetical protein
IANHPMEF_00472	CDS	363				hypothetical protein
IANHPMEF_00473	CDS	408				hypothetical protein
IANHPMEF_00474	CDS	447				hypothetical protein
IANHPMEF_00475	CDS	339				hypothetical protein
IANHPMEF_00476	CDS	1107	norW	1.18.1.-		Nitric oxide reductase FlRd-NAD(+) reductase
IANHPMEF_00477	CDS	609				hypothetical protein
IANHPMEF_00478	CDS	417				hypothetical protein
IANHPMEF_00479	CDS	315				hypothetical protein
IANHPMEF_00480	CDS	564	ibpB			Small heat shock protein IbpB
IANHPMEF_00481	CDS	924				hypothetical protein
IANHPMEF_00482	CDS	717				hypothetical protein
IANHPMEF_00483	CDS	978	thiL_2	2.7.4.16		Thiamine-monophosphate kinase
IANHPMEF_00484	CDS	726	thyA	2.1.1.-	COG0207	Putative thymidylate synthase
IANHPMEF_00485	tRNA	75				tRNA-Arg(gcg)
IANHPMEF_00486	CDS	867	nfo_1	3.1.21.2		endonuclease 4
IANHPMEF_00487	CDS	306				hypothetical protein
IANHPMEF_00488	CDS	384				hypothetical protein
IANHPMEF_00489	CDS	723				hypothetical protein
IANHPMEF_00490	CDS	435				hypothetical protein
IANHPMEF_00491	CDS	771				hypothetical protein
IANHPMEF_00492	CDS	222				hypothetical protein
IANHPMEF_00493	CDS	1122		1.3.7.11	COG0644	Digeranylgeranylglycerophospholipid reductase
IANHPMEF_00494	CDS	738	dsbD	1.8.1.8		Thiol:disulfide interchange protein DsbD
IANHPMEF_00495	CDS	1950				hypothetical protein
IANHPMEF_00496	CDS	1404				hypothetical protein
IANHPMEF_00497	CDS	204				hypothetical protein
IANHPMEF_00498	CDS	783				hypothetical protein
IANHPMEF_00499	CDS	177				hypothetical protein
IANHPMEF_00500	CDS	882				hypothetical protein
IANHPMEF_00501	CDS	1164	hdrD_1	1.8.98.1	COG0247	Dihydromethanophenazine:CoB--CoM heterodisulfide reductase subunit D
IANHPMEF_00502	CDS	1104				hypothetical protein
IANHPMEF_00503	CDS	447				hypothetical protein
IANHPMEF_00504	CDS	522				hypothetical protein
IANHPMEF_00505	CDS	1272	rgy1		COG1110	Reverse gyrase 1
IANHPMEF_00506	CDS	615	topA	5.6.2.1		DNA topoisomerase 1
IANHPMEF_00507	CDS	141				hypothetical protein
IANHPMEF_00508	CDS	372				hypothetical protein
IANHPMEF_00509	CDS	153				hypothetical protein
IANHPMEF_00510	CDS	261				hypothetical protein
IANHPMEF_00511	CDS	258				hypothetical protein
IANHPMEF_00512	CDS	654	bioD	6.3.3.3		ATP-dependent dethiobiotin synthetase BioD
IANHPMEF_00513	CDS	1173	bioF	2.3.1.47		8-amino-7-oxononanoate synthase
IANHPMEF_00514	CDS	510	asd_1	1.2.1.11	COG0136	Aspartate-semialdehyde dehydrogenase
IANHPMEF_00515	CDS	300				hypothetical protein
IANHPMEF_00516	CDS	345				hypothetical protein
IANHPMEF_00517	CDS	165				hypothetical protein
IANHPMEF_00518	CDS	936	tig	5.2.1.8		Trigger factor
IANHPMEF_00519	CDS	366				hypothetical protein
IANHPMEF_00520	CDS	1143	phnW	2.6.1.37		2-aminoethylphosphonate--pyruvate transaminase
IANHPMEF_00521	CDS	462	ribC	2.5.1.9	COG1731	Riboflavin synthase
IANHPMEF_00522	CDS	567				hypothetical protein
IANHPMEF_00523	CDS	384				hypothetical protein
IANHPMEF_00524	CDS	729				hypothetical protein
IANHPMEF_00525	CDS	1137				hypothetical protein
IANHPMEF_00526	CDS	1707				hypothetical protein
IANHPMEF_00527	CDS	1017	mrtB	2.8.4.1	COG4054	Methyl-coenzyme M reductase II subunit beta
IANHPMEF_00528	CDS	801	mcrG	2.8.4.1	COG4057	Methyl-coenzyme M reductase I subunit gamma
IANHPMEF_00529	CDS	1788	mcrA	2.8.4.1	COG4058	Methyl-coenzyme M reductase subunit alpha
IANHPMEF_00530	CDS	213				hypothetical protein
IANHPMEF_00531	CDS	423				hypothetical protein
IANHPMEF_00532	CDS	438				hypothetical protein
IANHPMEF_00533	CDS	594				hypothetical protein
IANHPMEF_00534	CDS	471				hypothetical protein
IANHPMEF_00535	CDS	996	truB	5.4.99.25	COG0130	putative tRNA pseudouridine synthase B
IANHPMEF_00536	CDS	561	cmk	2.7.4.25		Cytidylate kinase
IANHPMEF_00537	CDS	612				hypothetical protein
IANHPMEF_00538	CDS	261				hypothetical protein
IANHPMEF_00539	CDS	225				hypothetical protein
IANHPMEF_00540	CDS	366				hypothetical protein
IANHPMEF_00541	CDS	1074	pqqE_1	1.21.98.4		PqqA peptide cyclase
IANHPMEF_00542	CDS	468			COG1522	putative HTH-type transcriptional regulator
IANHPMEF_00543	tRNA	74				tRNA-Lys(ttt)
IANHPMEF_00544	CDS	207	rpoH	2.7.7.6	COG2012	DNA-directed RNA polymerase subunit H
IANHPMEF_00545	CDS	246				hypothetical protein
IANHPMEF_00546	CDS	150			COG1998	30S ribosomal protein S27ae
IANHPMEF_00547	CDS	351				hypothetical protein
IANHPMEF_00548	CDS	1455	CARKD	4.2.1.136		ATP-dependent (S)-NAD(P)H-hydrate dehydratase
IANHPMEF_00549	CDS	486				hypothetical protein
IANHPMEF_00550	CDS	435				hypothetical protein
IANHPMEF_00551	CDS	333				hypothetical protein
IANHPMEF_00552	CDS	339				hypothetical protein
IANHPMEF_00553	CDS	834	aroE	1.1.1.25	COG0169	Shikimate dehydrogenase (NADP(+))
IANHPMEF_00554	CDS	792				hypothetical protein
IANHPMEF_00555	CDS	102				hypothetical protein
IANHPMEF_00556	CDS	285	hdrC1	1.8.7.3	COG1150	Ferredoxin:CoB-CoM heterodisulfide reductase subunit C
IANHPMEF_00557	CDS	831	hdrB1	1.8.7.3	COG2048	Ferredoxin:CoB-CoM heterodisulfide reductase subunit B
IANHPMEF_00558	CDS	2061	hdrA1	1.8.7.3	COG1148	Ferredoxin:CoB-CoM heterodisulfide reductase subunit A
IANHPMEF_00559	CDS	837				hypothetical protein
IANHPMEF_00560	CDS	204				hypothetical protein
IANHPMEF_00561	CDS	1107	ftsZ			Cell division protein FtsZ
IANHPMEF_00562	CDS	2106			COG1107	putative protein
IANHPMEF_00563	CDS	264				hypothetical protein
IANHPMEF_00564	CDS	195				hypothetical protein
IANHPMEF_00565	tRNA	77				tRNA-Ile(gat)
IANHPMEF_00566	CDS	1644				hypothetical protein
IANHPMEF_00567	CDS	1479				hypothetical protein
IANHPMEF_00568	tRNA	75				tRNA-Thr(cgt)
IANHPMEF_00569	CDS	1266	dadD_1	3.5.4.41	COG0402	5'-deoxyadenosine deaminase
IANHPMEF_00570	CDS	762	rlmE	2.1.1.166		Ribosomal RNA large subunit methyltransferase E
IANHPMEF_00571	CDS	150				hypothetical protein
IANHPMEF_00572	CDS	417				hypothetical protein
IANHPMEF_00573	CDS	1197				hypothetical protein
IANHPMEF_00574	CDS	816				hypothetical protein
IANHPMEF_00575	CDS	1902				hypothetical protein
IANHPMEF_00576	CDS	744				hypothetical protein
IANHPMEF_00577	CDS	171				hypothetical protein
IANHPMEF_00578	CDS	399				hypothetical protein
IANHPMEF_00579	CDS	726				hypothetical protein
IANHPMEF_00580	CDS	1218				hypothetical protein
IANHPMEF_00581	CDS	1758				hypothetical protein
IANHPMEF_00582	CDS	2028				hypothetical protein
IANHPMEF_00583	CDS	1095	proB	2.7.2.11		Glutamate 5-kinase
IANHPMEF_00584	CDS	1281	proA	1.2.1.41		Gamma-glutamyl phosphate reductase
IANHPMEF_00585	CDS	309				hypothetical protein
IANHPMEF_00586	CDS	192				hypothetical protein
IANHPMEF_00587	CDS	1392				hypothetical protein
IANHPMEF_00588	CDS	273	eIF1A		COG0361	Translation initiation factor 1A
IANHPMEF_00589	CDS	1113				hypothetical protein
IANHPMEF_00590	CDS	1179	glmU		COG1208	Bifunctional protein GlmU
IANHPMEF_00591	CDS	249				hypothetical protein
IANHPMEF_00592	CDS	261				hypothetical protein
IANHPMEF_00593	CDS	285				hypothetical protein
IANHPMEF_00594	CDS	156				hypothetical protein
IANHPMEF_00595	CDS	156				hypothetical protein
IANHPMEF_00596	tRNA	75				tRNA-Lys(ctt)
IANHPMEF_00597	CDS	573				hypothetical protein
IANHPMEF_00598	CDS	996	cbiD	2.1.1.195	COG1903	Cobalt-precorrin-5B C(1)-methyltransferase
IANHPMEF_00599	CDS	672	cbiM_2			Cobalt transport protein CbiM
IANHPMEF_00600	CDS	303	cbiN			Cobalt transport protein CbiN
IANHPMEF_00601	CDS	786	ecfT_2			Energy-coupling factor transporter transmembrane protein EcfT
IANHPMEF_00602	CDS	1170	btuD_4	7.6.2.8		Vitamin B12 import ATP-binding protein BtuD
IANHPMEF_00603	CDS	513	cbiT	2.1.1.196	COG2242	putative cobalt-precorrin-6B C(15)-methyltransferase (decarboxylating)
IANHPMEF_00604	CDS	570				hypothetical protein
IANHPMEF_00605	CDS	168				hypothetical protein
IANHPMEF_00606	tRNA	77				tRNA-Arg(ccg)
IANHPMEF_00607	CDS	840				hypothetical protein
IANHPMEF_00608	CDS	657	tbp2		COG2101	TATA-box-binding protein 2
IANHPMEF_00609	CDS	1053	frvX	3.4.11.-	COG1363	Tetrahedral aminopeptidase
IANHPMEF_00610	CDS	738				hypothetical protein
IANHPMEF_00611	CDS	330				hypothetical protein
IANHPMEF_00612	CDS	1959				hypothetical protein
IANHPMEF_00613	CDS	228				hypothetical protein
IANHPMEF_00614	CDS	552	atpE		COG1390	V-type ATP synthase subunit E
IANHPMEF_00615	CDS	1029	atpC			V-type ATP synthase subunit C
IANHPMEF_00616	CDS	297	atpF		COG1436	V-type ATP synthase subunit F
IANHPMEF_00617	CDS	615				hypothetical protein
IANHPMEF_00618	CDS	777				hypothetical protein
IANHPMEF_00619	CDS	507	fsr	1.8.98.3	COG1035	Coenzyme F420-dependent sulfite reductase
IANHPMEF_00620	CDS	2226				hypothetical protein
IANHPMEF_00621	CDS	1536				hypothetical protein
IANHPMEF_00622	CDS	774				hypothetical protein
IANHPMEF_00623	CDS	141				hypothetical protein
IANHPMEF_00624	CDS	186				hypothetical protein
IANHPMEF_00625	CDS	375				hypothetical protein
IANHPMEF_00626	CDS	321				hypothetical protein
IANHPMEF_00627	CDS	195				hypothetical protein
IANHPMEF_00628	tRNA	88				tRNA-Ser(tga)
IANHPMEF_00629	CDS	657	fno	1.5.1.40	COG2085	F420-dependent NADP reductase
IANHPMEF_00630	CDS	639	nth	4.2.99.18		Endonuclease III
IANHPMEF_00631	CDS	219				hypothetical protein
IANHPMEF_00632	CDS	147				hypothetical protein
IANHPMEF_00633	CDS	207				hypothetical protein
IANHPMEF_00634	CDS	492				hypothetical protein
IANHPMEF_00635	CDS	672				hypothetical protein
IANHPMEF_00636	CDS	1026				hypothetical protein
IANHPMEF_00637	CDS	1164	metZ	2.5.1.-		O-succinylhomoserine sulfhydrylase
IANHPMEF_00638	CDS	657				hypothetical protein
IANHPMEF_00639	CDS	363			COG1310	putative metalloprotease
IANHPMEF_00640	CDS	702				hypothetical protein
IANHPMEF_00641	CDS	942				hypothetical protein
IANHPMEF_00642	CDS	1047	tuf			Elongation factor Tu
IANHPMEF_00643	CDS	1101	sua5	2.7.7.87	COG0009	Threonylcarbamoyl-AMP synthase
IANHPMEF_00644	CDS	1839				hypothetical protein
IANHPMEF_00645	CDS	378				hypothetical protein
IANHPMEF_00646	CDS	123				hypothetical protein
IANHPMEF_00647	CDS	159				hypothetical protein
IANHPMEF_00648	CDS	885		2.5.1.42	COG0382	Digeranylgeranylglyceryl phosphate synthase
IANHPMEF_00649	CDS	738		2.1.1.107	COG0007	S-adenosyl-L-methionine-dependent uroporphyrinogen III methyltransferase
IANHPMEF_00650	CDS	1266	cfbE	6.4.1.9	COG0770	Coenzyme F(430) synthetase
IANHPMEF_00651	CDS	255				hypothetical protein
IANHPMEF_00652	CDS	591	trpG	4.1.3.27	COG0512	Anthranilate synthase component 2
IANHPMEF_00653	CDS	1566	menF	5.4.4.2		Isochorismate synthase MenF
IANHPMEF_00654	CDS	420	vhcD	1.12.99.-	COG1908	F420-non-reducing hydrogenase vhc iron-sulfur subunit D
IANHPMEF_00655	CDS	1071	fdhB	1.17.1.9		Formate dehydrogenase subunit beta
IANHPMEF_00656	CDS	690				hypothetical protein
IANHPMEF_00657	CDS	864	hdrB_2	1.8.98.5	COG2048	H(2):CoB-CoM heterodisulfide,ferredoxin reductase subunit B
IANHPMEF_00658	CDS	459				hypothetical protein
IANHPMEF_00659	CDS	435	fprA_1	1.-.-.-	COG0426	Type A flavoprotein FprA
IANHPMEF_00660	CDS	858				hypothetical protein
IANHPMEF_00661	CDS	621				hypothetical protein
IANHPMEF_00662	CDS	1038				hypothetical protein
IANHPMEF_00663	CDS	963	btuD_5	7.6.2.8		Vitamin B12 import ATP-binding protein BtuD
IANHPMEF_00664	CDS	573				hypothetical protein
IANHPMEF_00665	CDS	174				hypothetical protein
IANHPMEF_00666	CDS	276				hypothetical protein
IANHPMEF_00667	CDS	240	nfuA			Fe/S biogenesis protein NfuA
IANHPMEF_00668	tRNA	76				tRNA-Val(tac)
IANHPMEF_00669	CDS	1710				hypothetical protein
IANHPMEF_00670	CDS	519				hypothetical protein
IANHPMEF_00671	CDS	1317				hypothetical protein
IANHPMEF_00672	CDS	2232				hypothetical protein
IANHPMEF_00673	CDS	2988				hypothetical protein
IANHPMEF_00674	CDS	1080				hypothetical protein
IANHPMEF_00675	CDS	555				hypothetical protein
IANHPMEF_00676	CDS	357				hypothetical protein
IANHPMEF_00677	CDS	315				hypothetical protein
IANHPMEF_00678	CDS	489				hypothetical protein
IANHPMEF_00679	CDS	780				hypothetical protein
IANHPMEF_00680	CDS	2025				hypothetical protein
IANHPMEF_00681	CDS	1623				hypothetical protein
IANHPMEF_00682	CDS	1524				hypothetical protein
IANHPMEF_00683	CDS	1242	cdc6		COG1474	ORC1-type DNA replication protein
IANHPMEF_00684	CDS	2346				hypothetical protein
IANHPMEF_00685	CDS	909				hypothetical protein
IANHPMEF_00686	CDS	441				hypothetical protein
IANHPMEF_00687	CDS	438				hypothetical protein
IANHPMEF_00688	CDS	246				hypothetical protein
IANHPMEF_00689	CDS	195				hypothetical protein
IANHPMEF_00690	CDS	1215	hmgA	1.1.1.34	COG1257	3-hydroxy-3-methylglutaryl-coenzyme A reductase
IANHPMEF_00691	CDS	186				hypothetical protein
IANHPMEF_00692	CDS	354	proS	6.1.1.15	COG0442	Proline--tRNA ligase
IANHPMEF_00693	CDS	468				hypothetical protein
IANHPMEF_00694	CDS	477				hypothetical protein
IANHPMEF_00695	CDS	252				hypothetical protein
IANHPMEF_00696	CDS	246				hypothetical protein
IANHPMEF_00697	CDS	1344	rnj_1	3.1.-.-	COG0595	Ribonuclease J
IANHPMEF_00698	CDS	969	idsA_1	2.5.1.-	COG0142	Short chain isoprenyl diphosphate synthase
IANHPMEF_00699	CDS	192				hypothetical protein
IANHPMEF_00700	CDS	261				hypothetical protein
IANHPMEF_00701	CDS	2217	vat		COG0464	VCP-like ATPase
IANHPMEF_00702	CDS	405				hypothetical protein
IANHPMEF_00703	tRNA	74				tRNA-Thr(tgt)
IANHPMEF_00704	CDS	1002				hypothetical protein
IANHPMEF_00705	CDS	111				hypothetical protein
IANHPMEF_00706	CDS	204				hypothetical protein
IANHPMEF_00707	CDS	1896	ftsH_1	3.4.24.-		ATP-dependent zinc metalloprotease FtsH
IANHPMEF_00708	CDS	813	lpxH	3.6.1.54		UDP-2,3-diacylglucosamine hydrolase
IANHPMEF_00709	CDS	207	carA	6.3.5.5		Carbamoyl-phosphate synthase small chain
IANHPMEF_00710	CDS	570				hypothetical protein
IANHPMEF_00711	CDS	765			COG1136	putative ABC transporter ATP-binding protein
IANHPMEF_00712	CDS	654				hypothetical protein
IANHPMEF_00713	CDS	1431				hypothetical protein
IANHPMEF_00714	CDS	207				hypothetical protein
IANHPMEF_00715	CDS	354				hypothetical protein
IANHPMEF_00716	CDS	1278	hisD	1.1.1.23		Histidinol dehydrogenase
IANHPMEF_00717	CDS	702				hypothetical protein
IANHPMEF_00718	CDS	846				hypothetical protein
IANHPMEF_00719	CDS	1638	pheT	6.1.1.20	COG0072	Phenylalanine--tRNA ligase beta subunit
IANHPMEF_00720	CDS	546				hypothetical protein
IANHPMEF_00721	CDS	594				hypothetical protein
IANHPMEF_00722	CDS	1764	btuD_6	7.6.2.8		Vitamin B12 import ATP-binding protein BtuD
IANHPMEF_00723	CDS	420				hypothetical protein
IANHPMEF_00724	CDS	885	lysZ	2.7.2.-	COG0548	[LysW]-aminoadipate/[LysW]-glutamate kinase
IANHPMEF_00725	CDS	306				hypothetical protein
IANHPMEF_00726	CDS	321				hypothetical protein
IANHPMEF_00727	CDS	537				hypothetical protein
IANHPMEF_00728	CDS	279	samp3_1			Small archaeal modifier protein 3
IANHPMEF_00729	CDS	1260	thrC	4.2.3.1	COG0498	Threonine synthase
IANHPMEF_00730	CDS	1149				hypothetical protein
IANHPMEF_00731	CDS	786			COG0517	putative protein
IANHPMEF_00732	CDS	861	IMPDH_3	1.1.1.205		Inosine-5'-monophosphate dehydrogenase
IANHPMEF_00733	CDS	930			COG0517	putative protein
IANHPMEF_00734	CDS	765	scpA			Segregation and condensation protein A
IANHPMEF_00735	CDS	1071	scpB			Segregation and condensation protein B
IANHPMEF_00736	CDS	165				hypothetical protein
IANHPMEF_00737	CDS	483				hypothetical protein
IANHPMEF_00738	CDS	243				hypothetical protein
IANHPMEF_00739	CDS	288			COG1400	Signal recognition particle 19 kDa protein
IANHPMEF_00740	CDS	1368	cca	2.7.7.72	COG1746	CCA-adding enzyme
IANHPMEF_00741	CDS	567		3.1.4.58	COG1514	RNA 2',3'-cyclic phosphodiesterase
IANHPMEF_00742	CDS	465	ogt	2.1.1.63		Methylated-DNA--protein-cysteine methyltransferase
IANHPMEF_00743	CDS	321				hypothetical protein
IANHPMEF_00744	CDS	342				hypothetical protein
IANHPMEF_00745	CDS	255				hypothetical protein
IANHPMEF_00746	CDS	306				hypothetical protein
IANHPMEF_00747	CDS	297				hypothetical protein
IANHPMEF_00748	CDS	195				hypothetical protein
IANHPMEF_00749	CDS	645				hypothetical protein
IANHPMEF_00750	CDS	672			COG1136	putative ABC transporter ATP-binding protein
IANHPMEF_00751	CDS	216				hypothetical protein
IANHPMEF_00752	CDS	1218				hypothetical protein
IANHPMEF_00753	CDS	729	rpl3		COG0087	50S ribosomal protein L3
IANHPMEF_00754	CDS	759	rpl4		COG0088	50S ribosomal protein L4
IANHPMEF_00755	CDS	252			COG0089	50S ribosomal protein L23
IANHPMEF_00756	CDS	702	rpl2		COG0090	50S ribosomal protein L2
IANHPMEF_00757	CDS	411			COG0185	30S ribosomal protein S19
IANHPMEF_00758	CDS	450			COG0091	50S ribosomal protein L22
IANHPMEF_00759	CDS	654				hypothetical protein
IANHPMEF_00760	CDS	1449				hypothetical protein
IANHPMEF_00761	CDS	342				hypothetical protein
IANHPMEF_00762	CDS	495				hypothetical protein
IANHPMEF_00763	CDS	285				hypothetical protein
IANHPMEF_00764	CDS	429	ribL	2.7.7.2	COG0615	FAD synthase
IANHPMEF_00765	CDS	267				hypothetical protein
IANHPMEF_00766	CDS	255				hypothetical protein
IANHPMEF_00767	CDS	564				hypothetical protein
IANHPMEF_00768	CDS	534				hypothetical protein
IANHPMEF_00769	CDS	741				hypothetical protein
IANHPMEF_00770	CDS	1512				hypothetical protein
IANHPMEF_00771	CDS	1134	purF_1	2.4.2.14		Amidophosphoribosyltransferase
IANHPMEF_00772	CDS	1362				hypothetical protein
IANHPMEF_00773	CDS	348			COG0347	putative nitrogen regulatory PII-like protein
IANHPMEF_00774	CDS	294				hypothetical protein
IANHPMEF_00775	CDS	642				hypothetical protein
IANHPMEF_00776	CDS	912				hypothetical protein
IANHPMEF_00777	CDS	1014				hypothetical protein
IANHPMEF_00778	CDS	498	rnc_2	3.1.26.3		Ribonuclease 3
IANHPMEF_00779	CDS	957	ycf3			Photosystem I assembly protein Ycf3
IANHPMEF_00780	CDS	270	dphB_1	2.1.1.98	COG1798	Diphthine synthase
IANHPMEF_00781	CDS	1770	clcB			Voltage-gated ClC-type chloride channel ClcB
IANHPMEF_00782	CDS	675			COG2078	Protein
IANHPMEF_00783	CDS	453				hypothetical protein
IANHPMEF_00784	CDS	552				hypothetical protein
IANHPMEF_00785	CDS	567				hypothetical protein
IANHPMEF_00786	CDS	1191	pqqE_2	1.21.98.4		PqqA peptide cyclase
IANHPMEF_00787	CDS	459				hypothetical protein
IANHPMEF_00788	CDS	165				hypothetical protein
IANHPMEF_00789	CDS	900	norR			Anaerobic nitric oxide reductase transcription regulator NorR
IANHPMEF_00790	CDS	282				hypothetical protein
IANHPMEF_00791	CDS	393				hypothetical protein
IANHPMEF_00792	CDS	627				hypothetical protein
IANHPMEF_00793	CDS	198				hypothetical protein
IANHPMEF_00794	CDS	411				hypothetical protein
IANHPMEF_00795	CDS	276				hypothetical protein
IANHPMEF_00796	CDS	924				hypothetical protein
IANHPMEF_00797	CDS	285				hypothetical protein
IANHPMEF_00798	CDS	417	fen	3.1.-.-	COG0258	Flap endonuclease 1
IANHPMEF_00799	CDS	126				hypothetical protein
IANHPMEF_00800	CDS	123				hypothetical protein
IANHPMEF_00801	CDS	1092				hypothetical protein
IANHPMEF_00802	CDS	621				hypothetical protein
IANHPMEF_00803	CDS	1320				hypothetical protein
IANHPMEF_00804	CDS	927				hypothetical protein
IANHPMEF_00805	CDS	447				hypothetical protein
IANHPMEF_00806	CDS	1416				hypothetical protein
IANHPMEF_00807	CDS	1017				hypothetical protein
IANHPMEF_00808	CDS	1383				hypothetical protein
IANHPMEF_00809	CDS	897				hypothetical protein
IANHPMEF_00810	CDS	1014	egsA	1.1.1.261	COG0371	Glycerol-1-phosphate dehydrogenase [NAD(P)+]
IANHPMEF_00811	CDS	735	COQ5_1	2.1.1.163		2-methoxy-6-polyprenyl-1,4-benzoquinol methylase, mitochondrial
IANHPMEF_00812	CDS	513				hypothetical protein
IANHPMEF_00813	CDS	402				hypothetical protein
IANHPMEF_00814	CDS	387				hypothetical protein
IANHPMEF_00815	CDS	744	pcn		COG0592	DNA polymerase sliding clamp
IANHPMEF_00816	CDS	1044	priL		COG2219	DNA primase large subunit PriL
IANHPMEF_00817	CDS	567				hypothetical protein
IANHPMEF_00818	CDS	756	rsmA	2.1.1.-	COG0030	putative ribosomal RNA small subunit methyltransferase A
IANHPMEF_00819	CDS	390	purE_2	5.4.99.18	COG0041	N5-carboxyaminoimidazole ribonucleotide mutase
IANHPMEF_00820	CDS	1125	cfbD	6.3.3.7	COG2710	Ni-sirohydrochlorin a,c-diamide reductive cyclase complex, component CfbD
IANHPMEF_00821	CDS	117				hypothetical protein
IANHPMEF_00822	CDS	891				hypothetical protein
IANHPMEF_00823	CDS	108				hypothetical protein
IANHPMEF_00824	CDS	231				hypothetical protein
IANHPMEF_00825	CDS	330				hypothetical protein
IANHPMEF_00826	CDS	573	isf			Iron-sulfur flavoprotein
IANHPMEF_00827	CDS	1731	gltX	6.1.1.17	COG0008	Glutamate--tRNA ligase
IANHPMEF_00828	CDS	468			COG0099	30S ribosomal protein S13
IANHPMEF_00829	CDS	573	rps4		COG0522	30S ribosomal protein S4
IANHPMEF_00830	CDS	381			COG0100	30S ribosomal protein S11
IANHPMEF_00831	CDS	1122		2.1.1.-	COG1964	7,8-dihydro-6-hydroxymethylpterin dimethyltransferase
IANHPMEF_00832	CDS	339				hypothetical protein
IANHPMEF_00833	CDS	1065				hypothetical protein
IANHPMEF_00834	CDS	663				hypothetical protein
IANHPMEF_00835	CDS	375				hypothetical protein
IANHPMEF_00836	CDS	165				hypothetical protein
IANHPMEF_00837	CDS	420				hypothetical protein
IANHPMEF_00838	CDS	327	ndhI	7.1.1.-		NAD(P)H-quinone oxidoreductase subunit I, chloroplastic
IANHPMEF_00839	CDS	393	dtdA	3.1.1.96	COG1650	D-aminoacyl-tRNA deacylase
IANHPMEF_00840	CDS	246				hypothetical protein
IANHPMEF_00841	CDS	1740	pycB	6.4.1.1	COG0511	Pyruvate carboxylase subunit B
IANHPMEF_00842	CDS	1458	pycA	6.4.1.1	COG0439	Pyruvate carboxylase subunit A
IANHPMEF_00843	CDS	486				hypothetical protein
IANHPMEF_00844	CDS	1119	rpa		COG1599	Replication factor A
IANHPMEF_00845	CDS	285				hypothetical protein
IANHPMEF_00846	CDS	609	hisH	3.5.1.2		Imidazole glycerol phosphate synthase subunit HisH
IANHPMEF_00847	CDS	99				hypothetical protein
IANHPMEF_00848	CDS	309				hypothetical protein
IANHPMEF_00849	CDS	324				hypothetical protein
IANHPMEF_00850	CDS	1926	kdpB_2	7.2.2.6		Potassium-transporting ATPase ATP-binding subunit
IANHPMEF_00851	CDS	2505	alaS	6.1.1.7	COG0013	Alanine--tRNA ligase
IANHPMEF_00852	CDS	318				hypothetical protein
IANHPMEF_00853	CDS	546				hypothetical protein
IANHPMEF_00854	CDS	390				hypothetical protein
IANHPMEF_00855	CDS	588	cpdA	3.1.4.53		3',5'-cyclic adenosine monophosphate phosphodiesterase CpdA
IANHPMEF_00856	CDS	888				hypothetical protein
IANHPMEF_00857	CDS	684				hypothetical protein
IANHPMEF_00858	CDS	690			COG0794	putative protein
IANHPMEF_00859	CDS	243				hypothetical protein
IANHPMEF_00860	CDS	222				hypothetical protein
IANHPMEF_00861	CDS	513	dut	3.6.1.23	COG0717	Deoxyuridine 5'-triphosphate nucleotidohydrolase
IANHPMEF_00862	CDS	489	moaC	4.6.1.17	COG0315	putative cyclic pyranopterin monophosphate synthase
IANHPMEF_00863	CDS	1152	hacA	4.2.1.114	COG0065	Methanogen homoaconitase large subunit
IANHPMEF_00864	CDS	1239	cdhD1			Acetyl-CoA decarbonylase/synthase complex subunit delta 1
IANHPMEF_00865	CDS	1407	cdhE1	2.1.1.245		Acetyl-CoA decarbonylase/synthase complex subunit gamma 1
IANHPMEF_00866	CDS	699				hypothetical protein
IANHPMEF_00867	CDS	933		7.3.2.7	COG0003	Putative arsenical pump-driving ATPase
IANHPMEF_00868	CDS	771				hypothetical protein
IANHPMEF_00869	CDS	852				hypothetical protein
IANHPMEF_00870	CDS	528				hypothetical protein
IANHPMEF_00871	CDS	393				hypothetical protein
IANHPMEF_00872	CDS	543	fbp	3.1.3.11		Fructose-1,6-bisphosphatase class 1
IANHPMEF_00873	CDS	537	PFP-ALPHA	2.7.1.11		Pyrophosphate--fructose 6-phosphate 1-phosphotransferase subunit alpha
IANHPMEF_00874	CDS	96				hypothetical protein
IANHPMEF_00875	CDS	2802	uvrA			UvrABC system protein A
IANHPMEF_00876	CDS	1551	uvrC			UvrABC system protein C
IANHPMEF_00877	CDS	1932	uvrB			UvrABC system protein B
IANHPMEF_00878	CDS	156				hypothetical protein
IANHPMEF_00879	CDS	654				hypothetical protein
IANHPMEF_00880	CDS	366				hypothetical protein
IANHPMEF_00881	CDS	150				hypothetical protein
IANHPMEF_00882	CDS	981	cofG	4.3.1.32	COG1060	7,8-didemethyl-8-hydroxy-5-deazariboflavin synthase
IANHPMEF_00883	CDS	198				hypothetical protein
IANHPMEF_00884	CDS	432				hypothetical protein
IANHPMEF_00885	CDS	213				hypothetical protein
IANHPMEF_00886	CDS	525				hypothetical protein
IANHPMEF_00887	CDS	1503		3.6.4.12	COG1204	ATP-dependent DNA helicase Hel308
IANHPMEF_00888	CDS	99				hypothetical protein
IANHPMEF_00889	CDS	1101	top6A	5.6.2.2	COG1697	Type 2 DNA topoisomerase 6 subunit A
IANHPMEF_00890	CDS	1866	top6B	5.6.2.2	COG1389	Type 2 DNA topoisomerase 6 subunit B
IANHPMEF_00891	CDS	435				hypothetical protein
IANHPMEF_00892	CDS	639				hypothetical protein
IANHPMEF_00893	CDS	615				hypothetical protein
IANHPMEF_00894	CDS	660	COQ5_2	2.1.1.163		2-methoxy-6-polyprenyl-1,4-benzoquinol methylase, mitochondrial
IANHPMEF_00895	CDS	378	rps8e		COG2007	30S ribosomal protein S8e
IANHPMEF_00896	CDS	279				hypothetical protein
IANHPMEF_00897	CDS	243				hypothetical protein
IANHPMEF_00898	CDS	321				hypothetical protein
IANHPMEF_00899	CDS	807				hypothetical protein
IANHPMEF_00900	CDS	612	rps2		COG0052	30S ribosomal protein S2
IANHPMEF_00901	CDS	1602				hypothetical protein
IANHPMEF_00902	CDS	717	COQ5_3	2.1.1.163		2-methoxy-6-polyprenyl-1,4-benzoquinol methylase, mitochondrial
IANHPMEF_00903	CDS	1212		2.5.1.73	COG1103	O-phospho-L-seryl-tRNA:Cys-tRNA synthase
IANHPMEF_00904	CDS	636				hypothetical protein
IANHPMEF_00905	CDS	222				hypothetical protein
IANHPMEF_00906	CDS	534				hypothetical protein
IANHPMEF_00907	CDS	216				hypothetical protein
IANHPMEF_00908	CDS	237				hypothetical protein
IANHPMEF_00909	CDS	756	fdhD			Sulfur carrier protein FdhD
IANHPMEF_00910	CDS	1185	sufS	2.8.1.7	COG0520	Cysteine desulfurase
IANHPMEF_00911	CDS	120				hypothetical protein
IANHPMEF_00912	CDS	282				hypothetical protein
IANHPMEF_00913	CDS	864	aroK	2.7.1.71	COG1685	Shikimate kinase
IANHPMEF_00914	CDS	168				hypothetical protein
IANHPMEF_00915	CDS	834	cfbC_1	6.3.3.7	COG1348	Ni-sirohydrochlorin a,c-diamide reductive cyclase complex, component CfbC
IANHPMEF_00916	CDS	996				hypothetical protein
IANHPMEF_00917	CDS	255				hypothetical protein
IANHPMEF_00918	CDS	246				hypothetical protein
IANHPMEF_00919	CDS	264				hypothetical protein
IANHPMEF_00920	CDS	567				hypothetical protein
IANHPMEF_00921	CDS	117				hypothetical protein
IANHPMEF_00922	CDS	267				hypothetical protein
IANHPMEF_00923	tRNA	77				tRNA-Phe(gaa)
IANHPMEF_00924	CDS	579				hypothetical protein
IANHPMEF_00925	CDS	672				hypothetical protein
IANHPMEF_00926	CDS	330			COG1917	putative protein
IANHPMEF_00927	CDS	1422				hypothetical protein
IANHPMEF_00928	CDS	1263				Deoxyguanosinetriphosphate triphosphohydrolase-like protein
IANHPMEF_00929	CDS	564				hypothetical protein
IANHPMEF_00930	CDS	798	mtd	1.5.98.1	COG1927	F420-dependent methylenetetrahydromethanopterin dehydrogenase
IANHPMEF_00931	CDS	543				hypothetical protein
IANHPMEF_00932	CDS	1137				hypothetical protein
IANHPMEF_00933	CDS	210				hypothetical protein
IANHPMEF_00934	CDS	1287	ulaD	4.1.1.85		3-keto-L-gulonate-6-phosphate decarboxylase UlaD
IANHPMEF_00935	CDS	717				hypothetical protein
IANHPMEF_00936	CDS	357	glnBII		COG0347	Nitrogen fixation nifHD region glnB-like protein 2
IANHPMEF_00937	CDS	318	glnBI		COG0347	Nitrogen fixation nifHD region glnB-like protein 1
IANHPMEF_00938	CDS	822	cfbC_2	6.3.3.7	COG1348	Ni-sirohydrochlorin a,c-diamide reductive cyclase complex, component CfbC
IANHPMEF_00939	CDS	348			COG0347	putative nitrogen regulatory PII-like protein
IANHPMEF_00940	CDS	1419			COG0004	Putative ammonium transporter
IANHPMEF_00941	CDS	360				hypothetical protein
IANHPMEF_00942	CDS	528				hypothetical protein
IANHPMEF_00943	CDS	312				hypothetical protein
IANHPMEF_00944	CDS	204				hypothetical protein
IANHPMEF_00945	CDS	330				hypothetical protein
IANHPMEF_00946	CDS	819			COG0489	Iron-sulfur cluster carrier protein
IANHPMEF_00947	CDS	366				hypothetical protein
IANHPMEF_00948	CDS	291				hypothetical protein
IANHPMEF_00949	CDS	237				hypothetical protein
IANHPMEF_00950	CDS	435				hypothetical protein
IANHPMEF_00951	CDS	369				hypothetical protein
IANHPMEF_00952	CDS	1965	acsA	6.2.1.1	COG0365	Acetyl-coenzyme A synthetase
IANHPMEF_00953	CDS	717				hypothetical protein
IANHPMEF_00954	CDS	825				hypothetical protein
IANHPMEF_00955	CDS	1170	mshA	2.4.1.250		D-inositol-3-phosphate glycosyltransferase
IANHPMEF_00956	CDS	963				hypothetical protein
IANHPMEF_00957	CDS	573		3.6.-.-	COG3642	KEOPS complex subunit Bud32
IANHPMEF_00958	CDS	909				hypothetical protein
IANHPMEF_00959	CDS	171				hypothetical protein
IANHPMEF_00960	CDS	1374	sudA	1.8.1.19	COG0493	Sulfide dehydrogenase subunit alpha
IANHPMEF_00961	CDS	849	sudB_2	1.8.1.19	COG0543	Sulfide dehydrogenase subunit beta
IANHPMEF_00962	CDS	897	pdxS	4.3.3.6	COG0214	Pyridoxal 5'-phosphate synthase subunit PdxS
IANHPMEF_00963	CDS	909	aglJ	2.4.1.-	COG0463	Glycosyltransferase AglJ
IANHPMEF_00964	CDS	420			COG0864	Putative nickel-responsive regulator
IANHPMEF_00965	CDS	426				hypothetical protein
IANHPMEF_00966	CDS	1128	leuB	1.1.1.85	COG0473	3-isopropylmalate/3-methylmalate dehydrogenase
IANHPMEF_00967	CDS	681	arfC	1.1.1.302	COG1985	2,5-diamino-6-ribosylamino-4(3H)-pyrimidinone 5'-phosphate reductase
IANHPMEF_00968	CDS	240				hypothetical protein
IANHPMEF_00969	CDS	96				hypothetical protein
IANHPMEF_00970	CDS	231				hypothetical protein
IANHPMEF_00971	CDS	213				hypothetical protein
IANHPMEF_00972	CDS	669				hypothetical protein
IANHPMEF_00973	CDS	969				hypothetical protein
IANHPMEF_00974	CDS	495				hypothetical protein
IANHPMEF_00975	CDS	480				hypothetical protein
IANHPMEF_00976	CDS	402				hypothetical protein
IANHPMEF_00977	CDS	321				hypothetical protein
IANHPMEF_00978	CDS	699				hypothetical protein
IANHPMEF_00979	CDS	705	mfnB	4.2.3.153	COG1891	(5-formylfuran-3-yl)methyl phosphate synthase
IANHPMEF_00980	CDS	873				hypothetical protein
IANHPMEF_00981	CDS	735	thrB_2	2.7.1.39		Homoserine kinase
IANHPMEF_00982	CDS	873				hypothetical protein
IANHPMEF_00983	CDS	843	cbiB			Cobalamin biosynthesis protein CbiB
IANHPMEF_00984	CDS	552	PAD1	2.5.1.129		Flavin prenyltransferase PAD1, mitochondrial
IANHPMEF_00985	CDS	1494				hypothetical protein
IANHPMEF_00986	CDS	159				hypothetical protein
IANHPMEF_00987	CDS	267				hypothetical protein
IANHPMEF_00988	CDS	396				hypothetical protein
IANHPMEF_00989	CDS	282				hypothetical protein
IANHPMEF_00990	CDS	627				hypothetical protein
IANHPMEF_00991	CDS	609				hypothetical protein
IANHPMEF_00992	CDS	744		6.3.2.36	COG1701	4-phosphopantoate--beta-alanine ligase
IANHPMEF_00993	CDS	858	lysJ_1	2.6.1.-	COG4992	[LysW]-aminoadipate semialdehyde/glutamate semialdehyde transaminase
IANHPMEF_00994	CDS	1011	purM	6.3.3.1		Phosphoribosylformylglycinamidine cyclo-ligase
IANHPMEF_00995	CDS	603	purN	2.1.2.2		Phosphoribosylglycinamide formyltransferase
IANHPMEF_00996	CDS	213				hypothetical protein
IANHPMEF_00997	CDS	1302		2.3.3.13	COG0119	2-isopropylmalate synthase
IANHPMEF_00998	CDS	1044	trpD	2.4.2.18	COG0547	Anthranilate phosphoribosyltransferase
IANHPMEF_00999	CDS	672	trpF	5.3.1.24	COG0135	N-(5'-phosphoribosyl)anthranilate isomerase
IANHPMEF_01000	CDS	180				hypothetical protein
IANHPMEF_01001	CDS	225				hypothetical protein
IANHPMEF_01002	CDS	231				hypothetical protein
IANHPMEF_01003	CDS	192				hypothetical protein
IANHPMEF_01004	CDS	291				hypothetical protein
IANHPMEF_01005	CDS	1008		5.3.1.23	COG0182	Putative methylthioribose-1-phosphate isomerase
IANHPMEF_01006	CDS	1743	btuD_7	7.6.2.8		Vitamin B12 import ATP-binding protein BtuD
IANHPMEF_01007	CDS	198			COG1383	30S ribosomal protein S17e
IANHPMEF_01008	CDS	873	dapA	4.3.3.7	COG0329	4-hydroxy-tetrahydrodipicolinate synthase
IANHPMEF_01009	CDS	801	dapB	1.17.1.8		4-hydroxy-tetrahydrodipicolinate reductase
IANHPMEF_01010	CDS	726				hypothetical protein
IANHPMEF_01011	CDS	354				hypothetical protein
IANHPMEF_01012	CDS	297				hypothetical protein
IANHPMEF_01013	CDS	912	mvk	2.7.1.36	COG1577	Mevalonate kinase
IANHPMEF_01014	CDS	804		2.7.4.26	COG1608	Isopentenyl phosphate kinase
IANHPMEF_01015	CDS	1083	fni	5.3.3.2		Isopentenyl-diphosphate delta-isomerase
IANHPMEF_01016	CDS	150				hypothetical protein
IANHPMEF_01017	CDS	306				hypothetical protein
IANHPMEF_01018	CDS	1311	purD	6.3.4.13		Phosphoribosylamine--glycine ligase
IANHPMEF_01019	CDS	366				hypothetical protein
IANHPMEF_01020	CDS	1056				hypothetical protein
IANHPMEF_01021	CDS	810	rbn	3.1.26.11		Ribonuclease BN
IANHPMEF_01022	CDS	1269	ftsH_2	3.4.24.-		ATP-dependent zinc metalloprotease FtsH
IANHPMEF_01023	CDS	432				hypothetical protein
IANHPMEF_01024	CDS	1137				hypothetical protein
IANHPMEF_01025	CDS	240				hypothetical protein
IANHPMEF_01026	tRNA	76				tRNA-Pro(tgg)
IANHPMEF_01027	CDS	1146				hypothetical protein
IANHPMEF_01028	CDS	747		2.1.1.107	COG0007	S-adenosyl-L-methionine-dependent uroporphyrinogen III methyltransferase
IANHPMEF_01029	CDS	162				hypothetical protein
IANHPMEF_01030	CDS	2013	kefB			Glutathione-regulated potassium-efflux system protein KefB
IANHPMEF_01031	CDS	513				hypothetical protein
IANHPMEF_01032	CDS	384				hypothetical protein
IANHPMEF_01033	CDS	1116	fpoF	1.12.98.3	COG1035	F(420)H(2) dehydrogenase subunit F
IANHPMEF_01034	CDS	531		2.7.7.1	COG1056	Nicotinamide-nucleotide adenylyltransferase
IANHPMEF_01035	CDS	144				hypothetical protein
IANHPMEF_01036	CDS	666				hypothetical protein
IANHPMEF_01037	CDS	477				hypothetical protein
IANHPMEF_01038	CDS	1071				hypothetical protein
IANHPMEF_01039	CDS	1317	truD	5.4.99.27	COG0585	putative tRNA pseudouridine synthase D
IANHPMEF_01040	CDS	1158	dapL	2.6.1.83	COG0436	LL-diaminopimelate aminotransferase
IANHPMEF_01041	CDS	837				hypothetical protein
IANHPMEF_01042	CDS	708	folD		COG0190	Bifunctional protein FolD protein
IANHPMEF_01043	CDS	1965				hypothetical protein
IANHPMEF_01044	CDS	1041	cas7			CRISPR-associated protein Cas7
IANHPMEF_01045	CDS	765				hypothetical protein
IANHPMEF_01046	CDS	2466				hypothetical protein
IANHPMEF_01047	CDS	258	rsxB_1	7.-.-.-		Ion-translocating oxidoreductase complex subunit B
IANHPMEF_01048	CDS	1350	argH	4.3.2.1		Argininosuccinate lyase
IANHPMEF_01049	CDS	546				hypothetical protein
IANHPMEF_01050	CDS	693	pyrE	2.4.2.10		Orotate phosphoribosyltransferase
IANHPMEF_01051	CDS	417				hypothetical protein
IANHPMEF_01052	tRNA	77				tRNA-Met(cat)
IANHPMEF_01053	CDS	192				hypothetical protein
IANHPMEF_01054	CDS	729				hypothetical protein
IANHPMEF_01055	CDS	543	porC	1.2.7.1	COG1014	Pyruvate synthase subunit PorC
IANHPMEF_01056	CDS	261	porD		COG1144	Pyruvate synthase subunit PorD
IANHPMEF_01057	CDS	1002	porA	1.2.7.1	COG0674	Pyruvate synthase subunit PorA
IANHPMEF_01058	CDS	972	adh	1.1.1.1	COG1064	NAD-dependent alcohol dehydrogenase
IANHPMEF_01059	CDS	450				hypothetical protein
IANHPMEF_01060	CDS	687				hypothetical protein
IANHPMEF_01061	CDS	852	hcaB	1.3.1.87		3-phenylpropionate-dihydrodiol/cinnamic acid-dihydrodiol dehydrogenase
IANHPMEF_01062	CDS	723				hypothetical protein
IANHPMEF_01063	CDS	801			COG1082	putative protein
IANHPMEF_01064	CDS	1170	argJ	2.3.1.35	COG1364	Glutamate N-acetyltransferase
IANHPMEF_01065	CDS	177				hypothetical protein
IANHPMEF_01066	CDS	789				hypothetical protein
IANHPMEF_01067	CDS	1107		2.6.1.57		Aromatic-amino-acid aminotransferase 2
IANHPMEF_01068	CDS	381				hypothetical protein
IANHPMEF_01069	CDS	1059		2.1.1.213	COG1041	tRNA (guanine(10)-N2)-dimethyltransferase
IANHPMEF_01070	CDS	426	truA	5.4.99.12		tRNA pseudouridine synthase A
IANHPMEF_01071	CDS	369	fpoA	1.12.98.3	COG0838	F(420)H(2) dehydrogenase subunit A
IANHPMEF_01072	CDS	639	ndhK	7.1.1.-		NAD(P)H-quinone oxidoreductase subunit K, chloroplastic
IANHPMEF_01073	CDS	417				hypothetical protein
IANHPMEF_01074	CDS	168				hypothetical protein
IANHPMEF_01075	CDS	1128	cimA	2.3.1.182	COG0119	(R)-citramalate synthase CimA
IANHPMEF_01076	CDS	1671	iolD	3.7.1.22		3D-(3,5/4)-trihydroxycyclohexane-1,2-dione hydrolase
IANHPMEF_01077	CDS	531				hypothetical protein
IANHPMEF_01078	CDS	720	purC	6.3.2.6	COG0152	Phosphoribosylaminoimidazole-succinocarboxamide synthase
IANHPMEF_01079	CDS	1173	slmA1			Major S-layer protein
IANHPMEF_01080	CDS	1440	rfcL		COG0470	Replication factor C large subunit
IANHPMEF_01081	CDS	459				hypothetical protein
IANHPMEF_01082	CDS	399				hypothetical protein
IANHPMEF_01083	CDS	270	ef1b		COG2092	Elongation factor 1-beta
IANHPMEF_01084	CDS	459	tadA	3.5.4.33		tRNA-specific adenosine deaminase
IANHPMEF_01085	CDS	930				hypothetical protein
IANHPMEF_01086	CDS	525				hypothetical protein
IANHPMEF_01087	CDS	282				hypothetical protein
IANHPMEF_01088	CDS	393	crcB_1			Putative fluoride ion transporter CrcB
IANHPMEF_01089	CDS	366	crcB_2			Putative fluoride ion transporter CrcB
IANHPMEF_01090	CDS	330				hypothetical protein
IANHPMEF_01091	CDS	294	acyP	3.6.1.7	COG1254	Acylphosphatase
IANHPMEF_01092	CDS	1317				hypothetical protein
IANHPMEF_01093	CDS	465				hypothetical protein
IANHPMEF_01094	CDS	687		2.7.8.38	COG1183	Archaetidylserine synthase
IANHPMEF_01095	CDS	624	asd_2	4.1.1.-	COG0688	Putative archaetidylserine decarboxylase proenzyme
IANHPMEF_01096	CDS	798	artA	3.4.22.-	COG4083	Archaeosortase A
IANHPMEF_01097	CDS	948				hypothetical protein
IANHPMEF_01098	CDS	1764	infB		COG0532	putative translation initiation factor IF-2
IANHPMEF_01099	CDS	981				hypothetical protein
IANHPMEF_01100	CDS	165				hypothetical protein
IANHPMEF_01101	CDS	123				hypothetical protein
IANHPMEF_01102	CDS	180				hypothetical protein
IANHPMEF_01103	CDS	315				hypothetical protein
IANHPMEF_01104	CDS	348				hypothetical protein
IANHPMEF_01105	CDS	225				hypothetical protein
IANHPMEF_01106	CDS	822			COG0061	Bifunctional NADP phosphatase/NAD kinase
IANHPMEF_01107	CDS	1074				hypothetical protein
IANHPMEF_01108	CDS	1188				hypothetical protein
IANHPMEF_01109	CDS	420				hypothetical protein
IANHPMEF_01110	CDS	285				hypothetical protein
IANHPMEF_01111	CDS	159				hypothetical protein
IANHPMEF_01112	CDS	498				hypothetical protein
IANHPMEF_01113	CDS	390	rsxB_2	7.-.-.-		Ion-translocating oxidoreductase complex subunit B
IANHPMEF_01114	CDS	219				hypothetical protein
IANHPMEF_01115	CDS	198				hypothetical protein
IANHPMEF_01116	CDS	279				hypothetical protein
IANHPMEF_01117	CDS	648				hypothetical protein
IANHPMEF_01118	CDS	567	carS	2.7.7.67	COG0575	CDP-archaeol synthase
IANHPMEF_01119	CDS	891				hypothetical protein
IANHPMEF_01120	CDS	603	trmY	2.1.1.257	COG1901	tRNA (pseudouridine(54)-N(1))-methyltransferase
IANHPMEF_01121	CDS	1035				hypothetical protein
IANHPMEF_01122	CDS	738				hypothetical protein
IANHPMEF_01123	CDS	774	shyC	1.12.98.4	COG0543	Sulfhydrogenase 2 subunit gamma
IANHPMEF_01124	CDS	966	pyrD_1	1.3.-.-		Dihydroorotate dehydrogenase
IANHPMEF_01125	CDS	321				hypothetical protein
IANHPMEF_01126	CDS	693				hypothetical protein
IANHPMEF_01127	CDS	327				hypothetical protein
IANHPMEF_01128	tRNA	73				tRNA-Glu(ttc)
IANHPMEF_01129	tRNA	76				tRNA-Gln(ttg)
IANHPMEF_01130	CDS	723	purQ	3.5.1.2		Phosphoribosylformylglycinamidine synthase subunit PurQ
IANHPMEF_01131	CDS	249	purS	6.3.5.3	COG1828	Phosphoribosylformylglycinamidine synthase subunit PurS
IANHPMEF_01132	CDS	786		6.3.4.15	COG0340	Putative biotin ligase
IANHPMEF_01133	CDS	510				hypothetical protein
IANHPMEF_01134	CDS	942	idsA_2	2.5.1.-	COG0142	Short chain isoprenyl diphosphate synthase
IANHPMEF_01135	CDS	1125	cofH_2	2.5.1.147	COG1060	5-amino-6-(D-ribitylamino)uracil--L-tyrosine 4-hydroxyphenyl transferase
IANHPMEF_01136	CDS	825	mqnA	4.2.1.151		Chorismate dehydratase
IANHPMEF_01137	CDS	1194				hypothetical protein
IANHPMEF_01138	CDS	1032				hypothetical protein
IANHPMEF_01139	CDS	135				hypothetical protein
IANHPMEF_01140	CDS	168				hypothetical protein
IANHPMEF_01141	CDS	192				hypothetical protein
IANHPMEF_01142	CDS	219				hypothetical protein
IANHPMEF_01143	CDS	111				hypothetical protein
IANHPMEF_01144	CDS	180				hypothetical protein
IANHPMEF_01145	CDS	279				hypothetical protein
IANHPMEF_01146	CDS	663				hypothetical protein
IANHPMEF_01147	CDS	699				hypothetical protein
IANHPMEF_01148	CDS	246				hypothetical protein
IANHPMEF_01149	CDS	684	pyrH	2.7.4.22	COG0528	Uridylate kinase
IANHPMEF_01150	CDS	234				hypothetical protein
IANHPMEF_01151	CDS	201				hypothetical protein
IANHPMEF_01152	CDS	381				hypothetical protein
IANHPMEF_01153	CDS	186	gpmI	5.4.2.12		2,3-bisphosphoglycerate-independent phosphoglycerate mutase
IANHPMEF_01154	CDS	1287	dnaG	2.7.7.-	COG0358	DNA primase DnaG
IANHPMEF_01155	CDS	1026	ftsY		COG0552	Signal recognition particle receptor FtsY
IANHPMEF_01156	CDS	168				hypothetical protein
IANHPMEF_01157	CDS	138				hypothetical protein
IANHPMEF_01158	CDS	555				hypothetical protein
IANHPMEF_01159	CDS	1629				hypothetical protein
IANHPMEF_01160	CDS	210				hypothetical protein
IANHPMEF_01161	CDS	399				hypothetical protein
IANHPMEF_01162	CDS	906				hypothetical protein
IANHPMEF_01163	CDS	687	aroD	4.2.1.10	COG0710	3-dehydroquinate dehydratase
IANHPMEF_01164	CDS	522				hypothetical protein
IANHPMEF_01165	CDS	672	cbiA_1	6.3.5.11	COG1797	Cobyrinate a,c-diamide synthase
IANHPMEF_01166	CDS	141				hypothetical protein
IANHPMEF_01167	CDS	900	btuD_8	7.6.2.8		Vitamin B12 import ATP-binding protein BtuD
IANHPMEF_01168	CDS	783				hypothetical protein
IANHPMEF_01169	CDS	624	rtcB	6.5.1.-	COG1690	tRNA-splicing ligase RtcB
IANHPMEF_01170	CDS	393				hypothetical protein
IANHPMEF_01171	tRNA	75				tRNA-Asn(gtt)
IANHPMEF_01172	tRNA	77				tRNA-Met(cat)
IANHPMEF_01173	tRNA	73				tRNA-Gly(tcc)
IANHPMEF_01174	CDS	420			COG1371	Protein archease
IANHPMEF_01175	CDS	633				hypothetical protein
IANHPMEF_01176	CDS	660				hypothetical protein
IANHPMEF_01177	CDS	510				hypothetical protein
IANHPMEF_01178	CDS	294				hypothetical protein
IANHPMEF_01179	CDS	669			COG1136	putative ABC transporter ATP-binding protein
IANHPMEF_01180	CDS	1110				hypothetical protein
IANHPMEF_01181	CDS	771				hypothetical protein
IANHPMEF_01182	CDS	738				hypothetical protein
IANHPMEF_01183	CDS	324				hypothetical protein
IANHPMEF_01184	CDS	1290				hypothetical protein
IANHPMEF_01185	CDS	633				hypothetical protein
IANHPMEF_01186	CDS	456				hypothetical protein
IANHPMEF_01187	CDS	858	citG	2.4.2.52		2-(5''-triphosphoribosyl)-3'-dephosphocoenzyme-A synthase
IANHPMEF_01188	CDS	1137	pyrD_2	1.3.-.-		Dihydroorotate dehydrogenase
IANHPMEF_01189	CDS	447				hypothetical protein
IANHPMEF_01190	CDS	462				hypothetical protein
IANHPMEF_01191	CDS	654	kaiC_1	2.7.11.1		Circadian clock protein kinase KaiC
IANHPMEF_01192	CDS	249				hypothetical protein
IANHPMEF_01193	CDS	414				hypothetical protein
IANHPMEF_01194	CDS	1854	dnaK			Chaperone protein DnaK
IANHPMEF_01195	CDS	543	grpE			Protein GrpE
IANHPMEF_01196	CDS	264				hypothetical protein
IANHPMEF_01197	CDS	741				hypothetical protein
IANHPMEF_01198	CDS	1119			COG0668	Small-conductance mechanosensitive channel MscMJ
IANHPMEF_01199	CDS	174				hypothetical protein
IANHPMEF_01200	CDS	384				hypothetical protein
IANHPMEF_01201	CDS	402				hypothetical protein
IANHPMEF_01202	CDS	900	porB	1.2.7.1	COG1013	Pyruvate synthase subunit PorB
IANHPMEF_01203	CDS	645	hdrD_2	1.8.98.1	COG0247	Dihydromethanophenazine:CoB--CoM heterodisulfide reductase subunit D
IANHPMEF_01204	CDS	1407				hypothetical protein
IANHPMEF_01205	CDS	369	hypA		COG0375	Hydrogenase maturation factor HypA
IANHPMEF_01206	CDS	153				hypothetical protein
IANHPMEF_01207	CDS	672	dph2	2.5.1.108	COG1736	2-(3-amino-3-carboxypropyl)histidine synthase
IANHPMEF_01208	CDS	1062	dadD_2	3.5.4.31		5'-deoxyadenosine deaminase
IANHPMEF_01209	CDS	441			COG0589	Universal stress protein
IANHPMEF_01210	CDS	846	IMPDH_4	1.1.1.205		Inosine-5'-monophosphate dehydrogenase
IANHPMEF_01211	CDS	453	coaD	2.7.7.3	COG1019	Phosphopantetheine adenylyltransferase
IANHPMEF_01212	CDS	318				hypothetical protein
IANHPMEF_01213	CDS	213				hypothetical protein
IANHPMEF_01214	CDS	819	hisF_1	4.3.2.10	COG0107	Imidazole glycerol phosphate synthase subunit HisF
IANHPMEF_01215	CDS	873				hypothetical protein
IANHPMEF_01216	CDS	765			COG0327	GTP cyclohydrolase 1 type 2 
IANHPMEF_01217	CDS	531				hypothetical protein
IANHPMEF_01218	CDS	750				hypothetical protein
IANHPMEF_01219	CDS	1407	cdhC2	2.3.1.169		Acetyl-CoA decarbonylase/synthase complex subunit beta 2
IANHPMEF_01220	CDS	1122				hypothetical protein
IANHPMEF_01221	CDS	231				hypothetical protein
IANHPMEF_01222	CDS	525	cdhB		COG1880	Acetyl-CoA decarbonylase/synthase complex subunit epsilon
IANHPMEF_01223	CDS	1383	cdhA	1.2.7.4	COG1152	Acetyl-CoA decarbonylase/synthase complex subunit alpha
IANHPMEF_01224	CDS	1407	tpsp		COG0380	Bifunctional trehalose-6-phosphate synthase/phosphatase
IANHPMEF_01225	CDS	396				hypothetical protein
IANHPMEF_01226	CDS	1233	pan		COG1222	Proteasome-activating nucleotidase
IANHPMEF_01227	CDS	996	rtc	6.5.1.5	COG0430	RNA 3'-terminal phosphate cyclase
IANHPMEF_01228	CDS	1701				hypothetical protein
IANHPMEF_01229	CDS	462				hypothetical protein
IANHPMEF_01230	CDS	357	rnp2	3.1.26.5	COG1369	Ribonuclease P protein component 2
IANHPMEF_01231	CDS	693				hypothetical protein
IANHPMEF_01232	CDS	429			COG1325	RNA-binding protein
IANHPMEF_01233	CDS	591			COG1632	50S ribosomal protein L15e
IANHPMEF_01234	CDS	600	mptE	2.7.6.3	COG1634	6-hydroxymethyl-7,8-dihydropterin pyrophosphokinase
IANHPMEF_01235	CDS	1263	eno	4.2.1.11	COG0148	Enolase
IANHPMEF_01236	CDS	393				hypothetical protein
IANHPMEF_01237	CDS	207	ppcA_1	4.1.1.31	COG1892	Phosphoenolpyruvate carboxylase
IANHPMEF_01238	CDS	348	ppcA_2	4.1.1.31	COG1892	Phosphoenolpyruvate carboxylase
IANHPMEF_01239	CDS	825	nusA_1			Transcription termination/antitermination protein NusA
IANHPMEF_01240	CDS	486				hypothetical protein
IANHPMEF_01241	CDS	477	spt5		COG0250	Transcription elongation factor Spt5
IANHPMEF_01242	CDS	483			COG0080	50S ribosomal protein L11
IANHPMEF_01243	CDS	1077	sasA	2.7.-.-		Adaptive-response sensory-kinase SasA
IANHPMEF_01244	CDS	492				hypothetical protein
IANHPMEF_01245	CDS	492				hypothetical protein
IANHPMEF_01246	CDS	1281	tiaS	6.3.4.22	COG1571	tRNA(Ile2) 2-agmatinylcytidine synthetase TiaS
IANHPMEF_01247	CDS	204				hypothetical protein
IANHPMEF_01248	CDS	414				hypothetical protein
IANHPMEF_01249	CDS	486		3.1.4.-	COG0622	Phosphodiesterase
IANHPMEF_01250	CDS	90				hypothetical protein
IANHPMEF_01251	CDS	417	gcvH_1			Glycine cleavage system H protein
IANHPMEF_01252	CDS	513	lipM	2.3.1.181		Octanoyltransferase LipM
IANHPMEF_01253	CDS	1257				hypothetical protein
IANHPMEF_01254	CDS	654	gph	3.1.3.18		Phosphoglycolate phosphatase
IANHPMEF_01255	CDS	327				hypothetical protein
IANHPMEF_01256	CDS	1095	endA	4.6.1.16	COG1676	tRNA-splicing endonuclease
IANHPMEF_01257	CDS	951	moaA_2			GTP 3',8-cyclase
IANHPMEF_01258	CDS	1524	ppaC_2	3.6.1.1		manganese-dependent inorganic pyrophosphatase
IANHPMEF_01259	CDS	195				hypothetical protein
IANHPMEF_01260	CDS	309	tfs			Transcription factor S
IANHPMEF_01261	tRNA	76				tRNA-Met(cat)
IANHPMEF_01262	CDS	153				hypothetical protein
IANHPMEF_01263	CDS	216				hypothetical protein
IANHPMEF_01264	CDS	270				hypothetical protein
IANHPMEF_01265	CDS	3057				hypothetical protein
IANHPMEF_01266	CDS	213				hypothetical protein
IANHPMEF_01267	CDS	216				hypothetical protein
IANHPMEF_01268	CDS	303				hypothetical protein
IANHPMEF_01269	CDS	297				hypothetical protein
IANHPMEF_01270	CDS	369			COG1727	50S ribosomal protein L18e
IANHPMEF_01271	CDS	420			COG0102	50S ribosomal protein L13
IANHPMEF_01272	CDS	417	rps9		COG0103	30S ribosomal protein S9
IANHPMEF_01273	CDS	192	rpoN	2.7.7.6	COG1644	DNA-directed RNA polymerase subunit N
IANHPMEF_01274	tRNA	77				tRNA-Pro(cgg)
IANHPMEF_01275	CDS	210				hypothetical protein
IANHPMEF_01276	CDS	288				hypothetical protein
IANHPMEF_01277	CDS	546				hypothetical protein
IANHPMEF_01278	CDS	714				hypothetical protein
IANHPMEF_01279	CDS	873	nifB	4.-.-.-	COG0535	FeMo cofactor biosynthesis protein NifB
IANHPMEF_01280	CDS	804	dphB_2	2.1.1.98	COG1798	Diphthine synthase
IANHPMEF_01281	CDS	219				hypothetical protein
IANHPMEF_01282	CDS	195				hypothetical protein
IANHPMEF_01283	CDS	186				hypothetical protein
IANHPMEF_01284	CDS	1179	OLA1			Obg-like ATPase 1
IANHPMEF_01285	CDS	1017				hypothetical protein
IANHPMEF_01286	tRNA	72				tRNA-Ala(cgc)
IANHPMEF_01287	CDS	228				hypothetical protein
IANHPMEF_01288	CDS	1317				hypothetical protein
IANHPMEF_01289	CDS	459			COG0184	30S ribosomal protein S15
IANHPMEF_01290	CDS	288				hypothetical protein
IANHPMEF_01291	CDS	834	mqnD	4.1.-.-		1,4-dihydroxy-6-naphtoate synthase
IANHPMEF_01292	CDS	624				hypothetical protein
IANHPMEF_01293	CDS	1335	cbiA_2	6.3.5.11	COG1797	Cobyrinate a,c-diamide synthase
IANHPMEF_01294	CDS	756	cobA	2.1.1.107		Uroporphyrinogen-III C-methyltransferase
IANHPMEF_01295	CDS	876				hypothetical protein
IANHPMEF_01296	CDS	453				hypothetical protein
IANHPMEF_01297	CDS	1872	speA	4.1.1.19		Biosynthetic arginine decarboxylase
IANHPMEF_01298	CDS	669				hypothetical protein
IANHPMEF_01299	CDS	978				hypothetical protein
IANHPMEF_01300	CDS	465				hypothetical protein
IANHPMEF_01301	CDS	1659	aor_2	1.2.7.5	COG2414	Tungsten-containing aldehyde ferredoxin oxidoreductase
IANHPMEF_01302	CDS	2187	purL	6.3.5.3		Phosphoribosylformylglycinamidine synthase subunit PurL
IANHPMEF_01303	CDS	432				hypothetical protein
IANHPMEF_01304	CDS	360				hypothetical protein
IANHPMEF_01305	CDS	1200		2.6.1.57		Aromatic-amino-acid aminotransferase 2
IANHPMEF_01306	CDS	498			COG1522	putative HTH-type transcriptional regulator
IANHPMEF_01307	CDS	435				hypothetical protein
IANHPMEF_01308	CDS	270				hypothetical protein
IANHPMEF_01309	CDS	342				hypothetical protein
IANHPMEF_01310	CDS	429				hypothetical protein
IANHPMEF_01311	CDS	1122				hypothetical protein
IANHPMEF_01312	CDS	900				hypothetical protein
IANHPMEF_01313	CDS	2529				hypothetical protein
IANHPMEF_01314	CDS	327				hypothetical protein
IANHPMEF_01315	CDS	1191		1.3.7.11	COG0644	Digeranylgeranylglycerophospholipid reductase
IANHPMEF_01316	CDS	954				hypothetical protein
IANHPMEF_01317	CDS	1128				hypothetical protein
IANHPMEF_01318	CDS	627	moaA_3			GTP 3',8-cyclase
IANHPMEF_01319	CDS	717	aglD_2	2.4.1.-	COG0392	Glycosyltransferase AglD
IANHPMEF_01320	CDS	1635	ade	3.5.4.2		Adenine deaminase
IANHPMEF_01321	CDS	738				hypothetical protein
IANHPMEF_01322	CDS	813				hypothetical protein
IANHPMEF_01323	CDS	405				hypothetical protein
IANHPMEF_01324	CDS	246				hypothetical protein
IANHPMEF_01325	CDS	1158				hypothetical protein
IANHPMEF_01326	CDS	1098	cetZ		COG0206	Tubulin-like protein CetZ
IANHPMEF_01327	CDS	1671	rpoA1	2.7.7.6		DNA-directed RNA polymerase subunit A'
IANHPMEF_01328	CDS	1149	rpoA2	2.7.7.6		DNA-directed RNA polymerase subunit A''
IANHPMEF_01329	CDS	291			COG1911	50S ribosomal protein L30e
IANHPMEF_01330	CDS	432	nusA_2			Transcription termination/antitermination protein NusA
IANHPMEF_01331	CDS	1641	secD_2			Protein translocase subunit SecD
IANHPMEF_01332	CDS	906	secF		COG0341	Protein-export membrane protein SecF
IANHPMEF_01333	CDS	1005				hypothetical protein
IANHPMEF_01334	CDS	1119				hypothetical protein
IANHPMEF_01335	CDS	423				hypothetical protein
IANHPMEF_01336	CDS	246				hypothetical protein
IANHPMEF_01337	CDS	753				hypothetical protein
IANHPMEF_01338	CDS	1890	gor	1.2.7.6	COG2414	Glyceraldehyde-3-phosphate:ferredoxin oxidoreductase
IANHPMEF_01339	CDS	369	hisI	3.5.4.19	COG0139	Phosphoribosyl-AMP cyclohydrolase
IANHPMEF_01340	CDS	294	caiE			Carnitine operon protein CaiE
IANHPMEF_01341	CDS	816				hypothetical protein
IANHPMEF_01342	CDS	225				hypothetical protein
IANHPMEF_01343	CDS	618				hypothetical protein
IANHPMEF_01344	CDS	588				hypothetical protein
IANHPMEF_01345	CDS	459				hypothetical protein
IANHPMEF_01346	CDS	1893	gyrB	5.6.2.2	COG0187	DNA gyrase subunit B
IANHPMEF_01347	CDS	189				hypothetical protein
IANHPMEF_01348	CDS	1194	fprA_2	1.-.-.-	COG0426	Type A flavoprotein FprA
IANHPMEF_01349	CDS	222				hypothetical protein
IANHPMEF_01350	CDS	654	pcm	2.1.1.77	COG2518	Protein-L-isoaspartate O-methyltransferase
IANHPMEF_01351	CDS	651				hypothetical protein
IANHPMEF_01352	CDS	417				hypothetical protein
IANHPMEF_01353	CDS	186				hypothetical protein
IANHPMEF_01354	CDS	174				hypothetical protein
IANHPMEF_01355	CDS	375				hypothetical protein
IANHPMEF_01356	tRNA	85				tRNA-Leu(caa)
IANHPMEF_01357	CDS	1611	sepS	6.1.1.27	COG2024	O-phosphoserine--tRNA(Cys) ligase
IANHPMEF_01358	CDS	159				hypothetical protein
IANHPMEF_01359	CDS	147				hypothetical protein
IANHPMEF_01360	CDS	426				hypothetical protein
IANHPMEF_01361	tRNA	74				tRNA-Arg(cct)
IANHPMEF_01362	CDS	990				hypothetical protein
IANHPMEF_01363	CDS	945				hypothetical protein
IANHPMEF_01364	CDS	108				hypothetical protein
IANHPMEF_01365	CDS	1833				hypothetical protein
IANHPMEF_01366	CDS	1140	treT	2.4.1.245	COG0438	Trehalose synthase
IANHPMEF_01367	CDS	666				hypothetical protein
IANHPMEF_01368	CDS	276	samp3_2			Small archaeal modifier protein 3
IANHPMEF_01369	CDS	795	fbpA	3.1.3.11	COG0483	Fructose-1,6-bisphosphatase
IANHPMEF_01370	CDS	537	cysC	2.7.1.25	COG0529	putative adenylyl-sulfate kinase
IANHPMEF_01371	CDS	993	ilvC	1.1.1.383	COG0059	Ketol-acid reductoisomerase (NAD(P)(+))
IANHPMEF_01372	CDS	609				hypothetical protein
IANHPMEF_01373	CDS	219			COG1958	Putative snRNP Sm-like protein
IANHPMEF_01374	CDS	351				hypothetical protein
IANHPMEF_01375	CDS	999	uppS	2.5.1.89		Ditrans,polycis-undecaprenyl-diphosphate synthase ((2E,6E)-farnesyl-diphosphate specific)
IANHPMEF_01376	CDS	270	rnp4	3.1.26.5	COG2023	Ribonuclease P protein component 4
IANHPMEF_01377	CDS	561				hypothetical protein
IANHPMEF_01378	CDS	1038				hypothetical protein
IANHPMEF_01379	CDS	690		3.1.3.3	COG0560	Phosphoserine phosphatase
IANHPMEF_01380	CDS	861				hypothetical protein
IANHPMEF_01381	CDS	627	gpt	2.4.2.22		Xanthine phosphoribosyltransferase
IANHPMEF_01382	CDS	426				hypothetical protein
IANHPMEF_01383	CDS	219			COG1958	Putative snRNP Sm-like protein
IANHPMEF_01384	CDS	1326	pol_1	2.7.7.7		DNA polymerase
IANHPMEF_01385	CDS	1341	pol_2	2.7.7.7		DNA polymerase
IANHPMEF_01386	CDS	3525	smc		COG1196	Chromosome partition protein Smc
IANHPMEF_01387	CDS	612	pdxT	4.3.3.6	COG0311	Pyridoxal 5'-phosphate synthase subunit PdxT
IANHPMEF_01388	CDS	1170				hypothetical protein
IANHPMEF_01389	CDS	834	wtpB		COG0555	Molybdate/tungstate transport system permease protein WtpB
IANHPMEF_01390	CDS	2529				hypothetical protein
IANHPMEF_01391	CDS	1107		5.4.99.25	COG1258	tRNA pseudouridine synthase Pus10
IANHPMEF_01392	CDS	297			COG2139	50S ribosomal protein L21e
IANHPMEF_01393	CDS	351			COG1460	putative protein
IANHPMEF_01394	CDS	1557				hypothetical protein
IANHPMEF_01395	CDS	1386				hypothetical protein
IANHPMEF_01396	CDS	501				hypothetical protein
IANHPMEF_01397	CDS	309				hypothetical protein
IANHPMEF_01398	CDS	702	adk	2.7.4.3	COG0563	Adenylate kinase
IANHPMEF_01399	CDS	354				hypothetical protein
IANHPMEF_01400	CDS	426				hypothetical protein
IANHPMEF_01401	CDS	204				hypothetical protein
IANHPMEF_01402	CDS	243				hypothetical protein
IANHPMEF_01403	CDS	420	nrpRI		COG1693	Global nitrogen regulator NrpRI
IANHPMEF_01404	CDS	504				hypothetical protein
IANHPMEF_01405	CDS	564				hypothetical protein
IANHPMEF_01406	CDS	1248		5.4.2.2	COG1109	Phosphoglucomutase/phosphomannomutase
IANHPMEF_01407	CDS	570	guaAA	6.3.5.2	COG0518	GMP synthase [glutamine-hydrolyzing] subunit A
IANHPMEF_01408	CDS	306	mtrB	2.1.1.86	COG4062	Tetrahydromethanopterin S-methyltransferase subunit B
IANHPMEF_01409	CDS	801	mtrC	2.1.1.86	COG4061	Tetrahydromethanopterin S-methyltransferase subunit C
IANHPMEF_01410	CDS	723	mtrD	2.1.1.86	COG4060	Tetrahydromethanopterin S-methyltransferase subunit D
IANHPMEF_01411	CDS	915	mtrE	2.1.1.86	COG4059	Tetrahydromethanopterin S-methyltransferase subunit E
IANHPMEF_01412	CDS	951	mch	3.5.4.27	COG3252	Methenyltetrahydromethanopterin cyclohydrolase
IANHPMEF_01413	CDS	570	kaiC_2	2.7.11.1		Circadian clock protein kinase KaiC
IANHPMEF_01414	CDS	219				hypothetical protein
IANHPMEF_01415	CDS	321	psmB	3.4.25.1	COG0638	Proteasome subunit beta
IANHPMEF_01416	CDS	1911	rnj_2	3.1.-.-		Ribonuclease J
IANHPMEF_01417	CDS	570				hypothetical protein
IANHPMEF_01418	CDS	627				hypothetical protein
IANHPMEF_01419	CDS	363				hypothetical protein
IANHPMEF_01420	CDS	165	rub		COG1773	Rubredoxin
IANHPMEF_01421	CDS	432	fprA_3	1.-.-.-	COG0426	Type A flavoprotein FprA
IANHPMEF_01422	CDS	399				hypothetical protein
IANHPMEF_01423	CDS	1194				hypothetical protein
IANHPMEF_01424	CDS	1182				hypothetical protein
IANHPMEF_01425	CDS	1500	ilvD	4.2.1.9		Dihydroxy-acid dehydratase
IANHPMEF_01426	rRNA	117				5S ribosomal RNA
IANHPMEF_01427	CDS	1146	lysJ_2	2.6.1.-	COG4992	[LysW]-aminoadipate semialdehyde/glutamate semialdehyde transaminase
IANHPMEF_01428	CDS	405	ard1	2.3.1.255	COG0456	N-alpha-acetyltransferase
IANHPMEF_01429	CDS	453				hypothetical protein
IANHPMEF_01430	CDS	582				hypothetical protein
IANHPMEF_01431	CDS	465				hypothetical protein
IANHPMEF_01432	CDS	1926	gatE	6.3.5.-	COG2511	Glutamyl-tRNA(Gln) amidotransferase subunit E
IANHPMEF_01433	CDS	1728				hypothetical protein
IANHPMEF_01434	CDS	171				hypothetical protein
IANHPMEF_01435	CDS	852				hypothetical protein
IANHPMEF_01436	CDS	783	malK_3	7.5.2.1		Trehalose/maltose import ATP-binding protein MalK
IANHPMEF_01437	CDS	825				hypothetical protein
IANHPMEF_01438	CDS	363				hypothetical protein
IANHPMEF_01439	CDS	246				hypothetical protein
IANHPMEF_01440	CDS	309				hypothetical protein
IANHPMEF_01441	CDS	411				hypothetical protein
IANHPMEF_01442	CDS	156				hypothetical protein
IANHPMEF_01443	CDS	228				hypothetical protein
IANHPMEF_01444	CDS	270				hypothetical protein
IANHPMEF_01445	CDS	231				hypothetical protein
IANHPMEF_01446	CDS	861				hypothetical protein
IANHPMEF_01447	CDS	666				hypothetical protein
IANHPMEF_01448	CDS	681				hypothetical protein
IANHPMEF_01449	CDS	1071	purP	6.3.4.23	COG1759	5-formaminoimidazole-4-carboxamide-1-(beta)-D-ribofuranosyl 5'-monophosphate synthetase
IANHPMEF_01450	CDS	327				hypothetical protein
IANHPMEF_01451	CDS	357				hypothetical protein
IANHPMEF_01452	CDS	414				hypothetical protein
IANHPMEF_01453	CDS	414				hypothetical protein
IANHPMEF_01454	CDS	264				hypothetical protein
IANHPMEF_01455	CDS	843	nfo_2	3.1.21.2		endonuclease 4
IANHPMEF_01456	CDS	642		3.2.2.-		G/T mismatches repair enzyme
IANHPMEF_01457	CDS	348				hypothetical protein
IANHPMEF_01458	CDS	708	rnhA	3.1.26.4		Ribonuclease H
IANHPMEF_01459	CDS	975				hypothetical protein
IANHPMEF_01460	CDS	585				hypothetical protein
IANHPMEF_01461	CDS	210				hypothetical protein
IANHPMEF_01462	CDS	180				hypothetical protein
IANHPMEF_01463	CDS	525			COG0197	50S ribosomal protein L10e
IANHPMEF_01464	CDS	630				hypothetical protein
IANHPMEF_01465	CDS	411	gcvH_2			Glycine cleavage system H protein
IANHPMEF_01466	CDS	399				hypothetical protein
IANHPMEF_01467	CDS	612	mfnF	2.5.1.131	COG1548	(4-{4-[2-(gamma-L-glutamylamino)ethyl]phenoxymethyl}furan-2-yl)methanamine synthase
IANHPMEF_01468	CDS	975				hypothetical protein
IANHPMEF_01469	CDS	1530				hypothetical protein
IANHPMEF_01470	CDS	579				hypothetical protein
IANHPMEF_01471	CDS	444				hypothetical protein
IANHPMEF_01472	CDS	570				hypothetical protein
IANHPMEF_01473	CDS	831	htpX	3.4.24.-		Protease HtpX
IANHPMEF_01474	CDS	453				hypothetical protein
IANHPMEF_01475	CDS	195				hypothetical protein
IANHPMEF_01476	CDS	108				hypothetical protein
IANHPMEF_01477	CDS	453				hypothetical protein
IANHPMEF_01478	CDS	162				hypothetical protein
IANHPMEF_01479	CDS	726	gmd_2	4.2.1.47		GDP-mannose 4,6-dehydratase
IANHPMEF_01480	CDS	321				hypothetical protein
IANHPMEF_01481	CDS	495	ubiC	4.1.3.40		Chorismate pyruvate-lyase
IANHPMEF_01482	CDS	396				hypothetical protein
IANHPMEF_01483	CDS	453				hypothetical protein
IANHPMEF_01484	CDS	963	dusB	1.3.1.-		tRNA-dihydrouridine synthase B
IANHPMEF_01485	CDS	219				hypothetical protein
IANHPMEF_01486	CDS	822				Iron-sulfur cluster carrier protein
IANHPMEF_01487	CDS	843				hypothetical protein
IANHPMEF_01488	CDS	225				hypothetical protein
IANHPMEF_01489	CDS	180				hypothetical protein
IANHPMEF_01490	CDS	1191		1.3.7.11	COG0644	Digeranylgeranylglycerophospholipid reductase
IANHPMEF_01491	CDS	678				hypothetical protein
IANHPMEF_01492	CDS	174				hypothetical protein
IANHPMEF_01493	CDS	1416	purF_2	2.4.2.14		Amidophosphoribosyltransferase
IANHPMEF_01494	CDS	747	lplA	6.3.1.20	COG0095	Lipoate-protein ligase A subunit 1
IANHPMEF_01495	CDS	309				hypothetical protein
IANHPMEF_01496	CDS	558	rpiA	5.3.1.6	COG0120	Ribose-5-phosphate isomerase A
IANHPMEF_01497	CDS	717	hisF_2	4.3.2.10	COG0107	Imidazole glycerol phosphate synthase subunit HisF
IANHPMEF_01498	CDS	1119	tgtA_2	2.4.2.48	COG0343	tRNA-guanine(15) transglycosylase
IANHPMEF_01499	CDS	321				hypothetical protein
IANHPMEF_01500	CDS	294				hypothetical protein
IANHPMEF_01501	CDS	336				hypothetical protein
IANHPMEF_01502	CDS	1470				hypothetical protein
IANHPMEF_01503	CDS	348				hypothetical protein
IANHPMEF_01504	CDS	735	tmk	2.7.4.9	COG0125	putative thymidylate kinase
IANHPMEF_01505	CDS	612	dnaJ			Chaperone protein DnaJ
IANHPMEF_01506	CDS	210				hypothetical protein
IANHPMEF_01507	CDS	1482	cobQ			Cobyric acid synthase
IANHPMEF_01508	CDS	1695	ths			Thermosome subunit
IANHPMEF_01509	CDS	825				hypothetical protein
IANHPMEF_01510	CDS	1281	thiC	4.1.99.17		Phosphomethylpyrimidine synthase
IANHPMEF_01511	CDS	234				hypothetical protein
IANHPMEF_01512	CDS	144				hypothetical protein
IANHPMEF_01513	CDS	315				hypothetical protein
IANHPMEF_01514	CDS	312				hypothetical protein
IANHPMEF_01515	CDS	2649	carB			Carbamoyl-phosphate synthase large chain
IANHPMEF_01516	CDS	324				hypothetical protein
IANHPMEF_01517	CDS	1308				hypothetical protein
IANHPMEF_01518	CDS	339				hypothetical protein
IANHPMEF_01519	CDS	237				hypothetical protein
IANHPMEF_01520	CDS	1110				hypothetical protein
IANHPMEF_01521	CDS	210				hypothetical protein
IANHPMEF_01522	CDS	1110				hypothetical protein
IANHPMEF_01523	CDS	633	atpD		COG1394	V-type ATP synthase subunit D
IANHPMEF_01524	CDS	1347	atpB		COG1156	V-type ATP synthase beta chain
IANHPMEF_01525	CDS	372				hypothetical protein
IANHPMEF_01526	tRNA	76				tRNA-His(gtg)
IANHPMEF_01527	CDS	675	queC	6.3.4.20		7-cyano-7-deazaguanine synthase
IANHPMEF_01528	CDS	1878	lon	3.4.21.53		Lon protease
IANHPMEF_01529	CDS	483				hypothetical protein
IANHPMEF_01530	CDS	1476				hypothetical protein
IANHPMEF_01531	CDS	1194				hypothetical protein
IANHPMEF_01532	CDS	300	pfdA			Prefoldin subunit alpha
IANHPMEF_01533	CDS	1167				hypothetical protein
IANHPMEF_01534	CDS	663				hypothetical protein
IANHPMEF_01535	CDS	894	taw1	4.1.3.44	COG0731	S-adenosyl-L-methionine-dependent tRNA 4-demethylwyosine synthase
IANHPMEF_01536	CDS	708	rfcS		COG0470	Replication factor C small subunit
IANHPMEF_01537	CDS	330				hypothetical protein
IANHPMEF_01538	CDS	1197		1.3.7.11	COG0644	Digeranylgeranylglycerophospholipid reductase
IANHPMEF_01539	CDS	1170	thiI	2.8.1.4		tRNA sulfurtransferase
IANHPMEF_01540	CDS	1191	pan1		COG1222	Proteasome-activating nucleotidase 1
IANHPMEF_01541	CDS	375	ftr	2.3.1.101	COG2037	Formylmethanofuran--tetrahydromethanopterin formyltransferase
IANHPMEF_01542	CDS	174				hypothetical protein
IANHPMEF_01543	CDS	330				hypothetical protein
IANHPMEF_01544	CDS	534	mtrA1	2.1.1.86	COG4063	Tetrahydromethanopterin S-methyltransferase subunit A 1
IANHPMEF_01545	CDS	201				hypothetical protein
IANHPMEF_01546	CDS	168	mtrG	2.1.1.86	COG4064	Tetrahydromethanopterin S-methyltransferase subunit G
IANHPMEF_01547	CDS	927	mtrH	2.1.1.86	COG1962	Tetrahydromethanopterin S-methyltransferase subunit H
IANHPMEF_01548	CDS	996	mer_2	1.5.98.2	COG2141	5,10-methylenetetrahydromethanopterin reductase
IANHPMEF_01549	CDS	210				hypothetical protein
IANHPMEF_01550	CDS	447			COG0048	30S ribosomal protein S12
IANHPMEF_01551	CDS	531		2.7.1.-	COG1909	GTP-dependent dephospho-CoA kinase
IANHPMEF_01552	CDS	186	spt4		COG2093	Transcription elongation factor Spt4
IANHPMEF_01553	CDS	576	rpoE1	2.7.7.6	COG1095	DNA-directed RNA polymerase subunit E'
IANHPMEF_01554	CDS	369	vapC9	3.1.-.-	COG1412	Ribonuclease VapC9
IANHPMEF_01555	CDS	1239	eif2g		COG5257	Translation initiation factor 2 subunit gamma
